CustomerID,Recency,Frequency,Monetary,Customer_Lifetime_Value,Cluster,Segment
12346.0,326,1,77183.6,77183.6,3,Loyal / Valuable Customers
12347.0,2,7,4310.0,4310.0,0,Regular / Moderate-Value Customers
12348.0,75,4,1797.24,1797.24,0,Regular / Moderate-Value Customers
12349.0,19,1,1757.55,1757.55,0,Regular / Moderate-Value Customers
12350.0,310,1,334.4,334.4,1,At-Risk / Low-Value Customers
12352.0,36,8,2506.04,2506.04,0,Regular / Moderate-Value Customers
12353.0,204,1,89.0,89.0,1,At-Risk / Low-Value Customers
12354.0,232,1,1079.4,1079.4,1,At-Risk / Low-Value Customers
12355.0,214,1,459.4,459.4,1,At-Risk / Low-Value Customers
12356.0,23,3,2811.43,2811.43,0,Regular / Moderate-Value Customers
12357.0,33,1,6207.67,6207.67,0,Regular / Moderate-Value Customers
12358.0,2,2,1168.06,1168.06,0,Regular / Moderate-Value Customers
12359.0,58,4,6310.03,6310.03,0,Regular / Moderate-Value Customers
12360.0,52,3,2662.06,2662.06,0,Regular / Moderate-Value Customers
12361.0,287,1,189.9,189.9,1,At-Risk / Low-Value Customers
12362.0,3,10,5226.23,5226.23,0,Regular / Moderate-Value Customers
12363.0,110,2,552.0,552.0,0,Regular / Moderate-Value Customers
12364.0,8,4,1313.1,1313.1,0,Regular / Moderate-Value Customers
12365.0,291,2,641.38,641.38,1,At-Risk / Low-Value Customers
12367.0,4,1,168.9,168.9,0,Regular / Moderate-Value Customers
12370.0,51,4,3541.94,3541.94,0,Regular / Moderate-Value Customers
12371.0,45,2,1887.96,1887.96,0,Regular / Moderate-Value Customers
12372.0,72,3,1298.04,1298.04,0,Regular / Moderate-Value Customers
12373.0,311,1,364.6,364.6,1,At-Risk / Low-Value Customers
12374.0,25,1,742.9300000000001,742.9300000000001,0,Regular / Moderate-Value Customers
12375.0,11,2,457.5,457.5,0,Regular / Moderate-Value Customers
12377.0,315,2,1628.12,1628.12,1,At-Risk / Low-Value Customers
12378.0,130,1,4008.62,4008.62,0,Regular / Moderate-Value Customers
12379.0,82,2,852.24,852.24,0,Regular / Moderate-Value Customers
12380.0,22,4,2724.81,2724.81,0,Regular / Moderate-Value Customers
12381.0,5,5,1845.31,1845.31,0,Regular / Moderate-Value Customers
12383.0,185,5,1850.56,1850.56,1,At-Risk / Low-Value Customers
12384.0,29,2,585.27,585.27,0,Regular / Moderate-Value Customers
12386.0,338,2,401.9,401.9,1,At-Risk / Low-Value Customers
12388.0,16,6,2780.66,2780.66,0,Regular / Moderate-Value Customers
12390.0,80,1,549.84,549.84,0,Regular / Moderate-Value Customers
12391.0,22,1,439.66,439.66,0,Regular / Moderate-Value Customers
12393.0,72,4,1582.6000000000001,1582.6000000000001,0,Regular / Moderate-Value Customers
12394.0,64,2,1272.48,1272.48,0,Regular / Moderate-Value Customers
12395.0,19,12,3018.63,3018.63,0,Regular / Moderate-Value Customers
12397.0,36,2,2409.9,2409.9,0,Regular / Moderate-Value Customers
12398.0,46,1,1635.6599999999999,1635.6599999999999,0,Regular / Moderate-Value Customers
12399.0,119,4,1108.65,1108.65,0,Regular / Moderate-Value Customers
12401.0,303,1,84.3,84.3,1,At-Risk / Low-Value Customers
12402.0,323,1,225.6,225.6,1,At-Risk / Low-Value Customers
12403.0,50,1,427.7,427.7,0,Regular / Moderate-Value Customers
12405.0,149,1,1710.39,1710.39,1,At-Risk / Low-Value Customers
12406.0,22,2,3415.3,3415.3,0,Regular / Moderate-Value Customers
12407.0,50,5,1708.1200000000001,1708.1200000000001,0,Regular / Moderate-Value Customers
12408.0,33,5,2888.55,2888.55,0,Regular / Moderate-Value Customers
12409.0,79,3,11072.67,11072.67,0,Regular / Moderate-Value Customers
12410.0,309,2,693.3299999999999,693.3299999999999,1,At-Risk / Low-Value Customers
12412.0,75,3,1226.88,1226.88,0,Regular / Moderate-Value Customers
12413.0,67,3,758.1,758.1,0,Regular / Moderate-Value Customers
12414.0,217,3,562.41,562.41,1,At-Risk / Low-Value Customers
12415.0,24,21,124914.53,124914.53,2,High-Value Customers
12417.0,3,9,3649.1,3649.1,0,Regular / Moderate-Value Customers
12418.0,113,1,668.58,668.58,0,Regular / Moderate-Value Customers
12420.0,64,1,600.39,600.39,0,Regular / Moderate-Value Customers
12421.0,16,4,807.04,807.04,0,Regular / Moderate-Value Customers
12422.0,96,3,803.5600000000001,803.5600000000001,0,Regular / Moderate-Value Customers
12423.0,1,8,1859.31,1859.31,0,Regular / Moderate-Value Customers
12424.0,163,2,1760.96,1760.96,1,At-Risk / Low-Value Customers
12425.0,78,1,777.2,777.2,0,Regular / Moderate-Value Customers
12426.0,195,1,582.73,582.73,1,At-Risk / Low-Value Customers
12427.0,22,3,825.8,825.8,0,Regular / Moderate-Value Customers
12428.0,26,9,7956.46,7956.46,0,Regular / Moderate-Value Customers
12429.0,9,4,3750.4,3750.4,0,Regular / Moderate-Value Customers
12430.0,43,1,256.4,256.4,0,Regular / Moderate-Value Customers
12431.0,36,15,6419.95,6419.95,3,Loyal / Valuable Customers
12432.0,43,5,5059.32,5059.32,0,Regular / Moderate-Value Customers
12433.0,1,7,13375.87,13375.87,0,Regular / Moderate-Value Customers
12434.0,85,2,806.14,806.14,0,Regular / Moderate-Value Customers
12435.0,80,2,7829.89,7829.89,0,Regular / Moderate-Value Customers
12436.0,100,1,509.01,509.01,0,Regular / Moderate-Value Customers
12437.0,2,18,4951.41,4951.41,3,Loyal / Valuable Customers
12438.0,14,2,2906.85,2906.85,0,Regular / Moderate-Value Customers
12441.0,367,1,173.55,173.55,1,At-Risk / Low-Value Customers
12442.0,3,1,172.06,172.06,0,Regular / Moderate-Value Customers
12444.0,21,5,5005.46,5005.46,0,Regular / Moderate-Value Customers
12445.0,22,1,133.4,133.4,0,Regular / Moderate-Value Customers
12446.0,58,1,1002.3100000000001,1002.3100000000001,0,Regular / Moderate-Value Customers
12447.0,243,1,476.49,476.49,1,At-Risk / Low-Value Customers
12448.0,44,1,449.45,449.45,0,Regular / Moderate-Value Customers
12449.0,22,4,4067.29,4067.29,0,Regular / Moderate-Value Customers
12450.0,156,2,197.88,197.88,1,At-Risk / Low-Value Customers
12451.0,11,5,9035.52,9035.52,0,Regular / Moderate-Value Customers
12452.0,17,2,430.57,430.57,0,Regular / Moderate-Value Customers
12453.0,134,1,707.09,707.09,0,Regular / Moderate-Value Customers
12454.0,56,1,3528.34,3528.34,0,Regular / Moderate-Value Customers
12455.0,73,6,2466.86,2466.86,0,Regular / Moderate-Value Customers
12456.0,44,3,3181.04,3181.04,0,Regular / Moderate-Value Customers
12457.0,66,7,2363.23,2363.23,0,Regular / Moderate-Value Customers
12458.0,71,2,947.4,947.4,0,Regular / Moderate-Value Customers
12461.0,94,2,826.88,826.88,0,Regular / Moderate-Value Customers
12462.0,19,2,1189.59,1189.59,0,Regular / Moderate-Value Customers
12463.0,53,4,1344.78,1344.78,0,Regular / Moderate-Value Customers
12464.0,10,8,1212.05,1212.05,0,Regular / Moderate-Value Customers
12465.0,17,2,742.1899999999999,742.1899999999999,0,Regular / Moderate-Value Customers
12468.0,188,2,729.5400000000001,729.5400000000001,1,At-Risk / Low-Value Customers
12471.0,2,30,19788.65,19788.65,3,Loyal / Valuable Customers
12472.0,32,7,6572.11,6572.11,0,Regular / Moderate-Value Customers
12473.0,29,5,3928.0499999999997,3928.0499999999997,0,Regular / Moderate-Value Customers
12474.0,17,18,7324.09,7324.09,3,Loyal / Valuable Customers
12475.0,54,1,723.38,723.38,0,Regular / Moderate-Value Customers
12476.0,16,11,6816.42,6816.42,0,Regular / Moderate-Value Customers
12477.0,23,6,13219.74,13219.74,0,Regular / Moderate-Value Customers
12478.0,4,1,680.99,680.99,0,Regular / Moderate-Value Customers
12479.0,11,1,527.2,527.2,0,Regular / Moderate-Value Customers
12480.0,28,4,3281.63,3281.63,0,Regular / Moderate-Value Customers
12481.0,23,10,5579.82,5579.82,0,Regular / Moderate-Value Customers
12483.0,17,8,2484.98,2484.98,0,Regular / Moderate-Value Customers
12484.0,33,6,4527.32,4527.32,0,Regular / Moderate-Value Customers
12488.0,10,3,1298.66,1298.66,0,Regular / Moderate-Value Customers
12489.0,336,1,334.93,334.93,1,At-Risk / Low-Value Customers
12490.0,5,10,5417.93,5417.93,0,Regular / Moderate-Value Customers
12491.0,39,1,460.40000000000003,460.40000000000003,0,Regular / Moderate-Value Customers
12492.0,63,2,263.21000000000004,263.21000000000004,0,Regular / Moderate-Value Customers
12493.0,166,2,433.74,433.74,1,At-Risk / Low-Value Customers
12494.0,16,7,1246.1000000000001,1246.1000000000001,0,Regular / Moderate-Value Customers
12497.0,82,1,1043.1,1043.1,0,Regular / Moderate-Value Customers
12498.0,21,3,403.70000000000005,403.70000000000005,0,Regular / Moderate-Value Customers
12500.0,23,11,4257.82,4257.82,0,Regular / Moderate-Value Customers
12501.0,337,1,2169.39,2169.39,1,At-Risk / Low-Value Customers
12502.0,96,5,3723.87,3723.87,0,Regular / Moderate-Value Customers
12504.0,18,2,482.04999999999995,482.04999999999995,0,Regular / Moderate-Value Customers
12506.0,233,1,73.5,73.5,1,At-Risk / Low-Value Customers
12507.0,134,3,1304.81,1304.81,0,Regular / Moderate-Value Customers
12508.0,26,2,397.88,397.88,0,Regular / Moderate-Value Customers
12509.0,284,1,176.5,176.5,1,At-Risk / Low-Value Customers
12510.0,143,2,982.5699999999999,982.5699999999999,0,Regular / Moderate-Value Customers
12512.0,66,2,132.18,132.18,0,Regular / Moderate-Value Customers
12513.0,113,1,612.29,612.29,0,Regular / Moderate-Value Customers
12514.0,267,1,1017.68,1017.68,1,At-Risk / Low-Value Customers
12515.0,353,1,383.7,383.7,1,At-Risk / Low-Value Customers
12516.0,78,2,1312.06,1312.06,0,Regular / Moderate-Value Customers
12517.0,28,5,2481.6,2481.6,0,Regular / Moderate-Value Customers
12518.0,1,5,2056.89,2056.89,0,Regular / Moderate-Value Customers
12519.0,64,1,330.84,330.84,0,Regular / Moderate-Value Customers
12520.0,79,5,2634.26,2634.26,0,Regular / Moderate-Value Customers
12521.0,143,1,599.68,599.68,1,At-Risk / Low-Value Customers
12522.0,39,2,192.72,192.72,0,Regular / Moderate-Value Customers
12523.0,19,11,1789.77,1789.77,0,Regular / Moderate-Value Customers
12524.0,9,8,4485.72,4485.72,0,Regular / Moderate-Value Customers
12526.0,1,3,1316.66,1316.66,0,Regular / Moderate-Value Customers
12527.0,82,3,348.71000000000004,348.71000000000004,0,Regular / Moderate-Value Customers
12528.0,9,6,1933.48,1933.48,0,Regular / Moderate-Value Customers
12530.0,60,4,1662.28,1662.28,0,Regular / Moderate-Value Customers
12531.0,15,1,125.22,125.22,0,Regular / Moderate-Value Customers
12532.0,30,1,349.83000000000004,349.83000000000004,0,Regular / Moderate-Value Customers
12534.0,131,1,1089.18,1089.18,0,Regular / Moderate-Value Customers
12535.0,92,2,716.35,716.35,0,Regular / Moderate-Value Customers
12536.0,43,3,12601.830000000002,12601.830000000002,0,Regular / Moderate-Value Customers
12538.0,29,1,363.95,363.95,0,Regular / Moderate-Value Customers
12539.0,22,4,5568.35,5568.35,0,Regular / Moderate-Value Customers
12540.0,20,17,13400.24,13400.24,3,Loyal / Valuable Customers
12541.0,30,3,981.18,981.18,0,Regular / Moderate-Value Customers
12544.0,36,1,372.7,372.7,0,Regular / Moderate-Value Customers
12545.0,75,2,1000.39,1000.39,0,Regular / Moderate-Value Customers
12546.0,47,2,1161.5,1161.5,0,Regular / Moderate-Value Customers
12547.0,198,2,207.79999999999998,207.79999999999998,1,At-Risk / Low-Value Customers
12548.0,166,1,95.19999999999999,95.19999999999999,1,At-Risk / Low-Value Customers
12550.0,79,1,964.83,964.83,0,Regular / Moderate-Value Customers
12551.0,358,1,168.0,168.0,1,At-Risk / Low-Value Customers
12552.0,39,2,437.82,437.82,0,Regular / Moderate-Value Customers
12553.0,8,10,3692.28,3692.28,0,Regular / Moderate-Value Customers
12556.0,50,2,599.56,599.56,0,Regular / Moderate-Value Customers
12557.0,16,5,11990.960000000001,11990.960000000001,0,Regular / Moderate-Value Customers
12558.0,8,1,269.96,269.96,0,Regular / Moderate-Value Customers
12559.0,311,2,561.71,561.71,1,At-Risk / Low-Value Customers
12560.0,5,3,2134.01,2134.01,0,Regular / Moderate-Value Customers
12561.0,303,1,238.85,238.85,1,At-Risk / Low-Value Customers
12562.0,8,7,3781.7400000000002,3781.7400000000002,0,Regular / Moderate-Value Customers
12564.0,261,1,456.9,456.9,1,At-Risk / Low-Value Customers
12565.0,289,1,145.92,145.92,1,At-Risk / Low-Value Customers
12566.0,86,1,351.65,351.65,0,Regular / Moderate-Value Customers
12567.0,23,10,9401.28,9401.28,0,Regular / Moderate-Value Customers
12569.0,2,32,4124.69,4124.69,3,Loyal / Valuable Customers
12571.0,40,2,519.61,519.61,0,Regular / Moderate-Value Customers
12572.0,9,2,1020.42,1020.42,0,Regular / Moderate-Value Customers
12573.0,227,1,160.54000000000002,160.54000000000002,1,At-Risk / Low-Value Customers
12574.0,316,1,218.45,218.45,1,At-Risk / Low-Value Customers
12576.0,36,5,1315.83,1315.83,0,Regular / Moderate-Value Customers
12577.0,35,3,626.6,626.6,0,Regular / Moderate-Value Customers
12578.0,21,2,2794.51,2794.51,0,Regular / Moderate-Value Customers
12579.0,78,1,440.42,440.42,0,Regular / Moderate-Value Customers
12580.0,247,1,415.7,415.7,1,At-Risk / Low-Value Customers
12581.0,40,1,197.71,197.71,0,Regular / Moderate-Value Customers
12582.0,239,2,511.36,511.36,1,At-Risk / Low-Value Customers
12583.0,3,15,7281.38,7281.38,3,Loyal / Valuable Customers
12584.0,4,9,2338.15,2338.15,0,Regular / Moderate-Value Customers
12585.0,234,2,2040.1,2040.1,1,At-Risk / Low-Value Customers
12586.0,17,1,196.94000000000003,196.94000000000003,0,Regular / Moderate-Value Customers
12587.0,8,1,144.0,144.0,0,Regular / Moderate-Value Customers
12588.0,39,1,214.89999999999998,214.89999999999998,0,Regular / Moderate-Value Customers
12589.0,29,2,646.68,646.68,0,Regular / Moderate-Value Customers
12590.0,211,2,9864.26,9864.26,1,At-Risk / Low-Value Customers
12591.0,317,1,452.84999999999997,452.84999999999997,1,At-Risk / Low-Value Customers
12592.0,92,2,437.6,437.6,0,Regular / Moderate-Value Customers
12593.0,109,3,418.09999999999997,418.09999999999997,0,Regular / Moderate-Value Customers
12594.0,38,10,3338.2200000000003,3338.2200000000003,0,Regular / Moderate-Value Customers
12596.0,51,2,618.27,618.27,0,Regular / Moderate-Value Customers
12597.0,19,4,3811.22,3811.22,0,Regular / Moderate-Value Customers
12598.0,10,8,3023.08,3023.08,0,Regular / Moderate-Value Customers
12599.0,29,7,1032.58,1032.58,0,Regular / Moderate-Value Customers
12600.0,29,10,2599.04,2599.04,0,Regular / Moderate-Value Customers
12601.0,190,5,577.0600000000001,577.0600000000001,1,At-Risk / Low-Value Customers
12602.0,59,1,153.12,153.12,0,Regular / Moderate-Value Customers
12603.0,22,1,739.1999999999999,739.1999999999999,0,Regular / Moderate-Value Customers
12604.0,79,2,254.18,254.18,0,Regular / Moderate-Value Customers
12607.0,60,1,1579.51,1579.51,0,Regular / Moderate-Value Customers
12609.0,78,3,1126.85,1126.85,0,Regular / Moderate-Value Customers
12610.0,23,5,2099.54,2099.54,0,Regular / Moderate-Value Customers
12611.0,52,1,1193.32,1193.32,0,Regular / Moderate-Value Customers
12612.0,74,1,704.0400000000001,704.0400000000001,0,Regular / Moderate-Value Customers
12613.0,57,5,3344.38,3344.38,0,Regular / Moderate-Value Customers
12614.0,278,1,315.6,315.6,1,At-Risk / Low-Value Customers
12615.0,2,4,2291.19,2291.19,0,Regular / Moderate-Value Customers
12616.0,95,2,713.3,713.3,0,Regular / Moderate-Value Customers
12617.0,29,1,352.98,352.98,0,Regular / Moderate-Value Customers
12618.0,22,1,177.31,177.31,0,Regular / Moderate-Value Customers
12619.0,16,9,3641.24,3641.24,0,Regular / Moderate-Value Customers
12620.0,15,3,1339.41,1339.41,0,Regular / Moderate-Value Customers
12621.0,2,20,13689.67,13689.67,3,Loyal / Valuable Customers
12622.0,232,1,180.1,180.1,1,At-Risk / Low-Value Customers
12623.0,276,1,305.1,305.1,1,At-Risk / Low-Value Customers
12624.0,106,2,641.13,641.13,0,Regular / Moderate-Value Customers
12625.0,212,2,2683.82,2683.82,1,At-Risk / Low-Value Customers
12626.0,23,9,6620.48,6620.48,0,Regular / Moderate-Value Customers
12627.0,11,7,4478.53,4478.53,0,Regular / Moderate-Value Customers
12628.0,4,3,786.46,786.46,0,Regular / Moderate-Value Customers
12630.0,10,2,1270.88,1270.88,0,Regular / Moderate-Value Customers
12631.0,57,1,640.5,640.5,0,Regular / Moderate-Value Customers
12633.0,59,4,2163.98,2163.98,0,Regular / Moderate-Value Customers
12635.0,90,2,1689.18,1689.18,0,Regular / Moderate-Value Customers
12637.0,67,8,6002.9,6002.9,0,Regular / Moderate-Value Customers
12638.0,33,1,671.69,671.69,0,Regular / Moderate-Value Customers
12639.0,239,1,486.1,486.1,1,At-Risk / Low-Value Customers
12640.0,24,3,1174.58,1174.58,0,Regular / Moderate-Value Customers
12641.0,115,1,185.9,185.9,0,Regular / Moderate-Value Customers
12642.0,25,3,1013.26,1013.26,0,Regular / Moderate-Value Customers
12643.0,128,6,3344.64,3344.64,0,Regular / Moderate-Value Customers
12644.0,130,1,477.91,477.91,0,Regular / Moderate-Value Customers
12645.0,34,4,1775.18,1775.18,0,Regular / Moderate-Value Customers
12646.0,5,2,1346.97,1346.97,0,Regular / Moderate-Value Customers
12647.0,22,12,3722.82,3722.82,0,Regular / Moderate-Value Customers
12648.0,155,1,318.05,318.05,1,At-Risk / Low-Value Customers
12649.0,107,3,623.51,623.51,0,Regular / Moderate-Value Customers
12650.0,3,1,314.44,314.44,0,Regular / Moderate-Value Customers
12651.0,335,1,114.0,114.0,1,At-Risk / Low-Value Customers
12652.0,331,1,919.98,919.98,1,At-Risk / Low-Value Customers
12653.0,149,2,2209.85,2209.85,1,At-Risk / Low-Value Customers
12654.0,11,5,601.98,601.98,0,Regular / Moderate-Value Customers
12656.0,17,5,4051.17,4051.17,0,Regular / Moderate-Value Customers
12657.0,11,4,1643.18,1643.18,0,Regular / Moderate-Value Customers
12658.0,19,1,686.05,686.05,0,Regular / Moderate-Value Customers
12659.0,30,1,91.68,91.68,0,Regular / Moderate-Value Customers
12660.0,11,1,245.1,245.1,0,Regular / Moderate-Value Customers
12662.0,1,11,3849.78,3849.78,0,Regular / Moderate-Value Customers
12664.0,8,9,4881.88,4881.88,0,Regular / Moderate-Value Customers
12665.0,325,1,63.0,63.0,1,At-Risk / Low-Value Customers
12667.0,58,1,620.13,620.13,0,Regular / Moderate-Value Customers
12668.0,12,4,3807.15,3807.15,0,Regular / Moderate-Value Customers
12669.0,151,3,2744.0299999999997,2744.0299999999997,1,At-Risk / Low-Value Customers
12670.0,10,5,2996.05,2996.05,0,Regular / Moderate-Value Customers
12672.0,330,1,225.89999999999998,225.89999999999998,1,At-Risk / Low-Value Customers
12673.0,5,2,610.52,610.52,0,Regular / Moderate-Value Customers
12674.0,39,4,1970.6,1970.6,0,Regular / Moderate-Value Customers
12676.0,25,6,1331.39,1331.39,0,Regular / Moderate-Value Customers
12678.0,42,12,17628.46,17628.46,3,Loyal / Valuable Customers
12679.0,59,4,1113.02,1113.02,0,Regular / Moderate-Value Customers
12680.0,1,4,862.81,862.81,0,Regular / Moderate-Value Customers
12681.0,15,22,13787.54,13787.54,3,Loyal / Valuable Customers
12682.0,4,31,12279.82,12279.82,3,Loyal / Valuable Customers
12683.0,4,15,8476.57,8476.57,3,Loyal / Valuable Customers
12684.0,8,7,2283.63,2283.63,0,Regular / Moderate-Value Customers
12685.0,28,6,2863.08,2863.08,0,Regular / Moderate-Value Customers
12686.0,372,1,89.14,89.14,1,At-Risk / Low-Value Customers
12688.0,114,1,4873.8099999999995,4873.8099999999995,0,Regular / Moderate-Value Customers
12689.0,26,2,1247.61,1247.61,0,Regular / Moderate-Value Customers
12690.0,206,1,389.01,389.01,1,At-Risk / Low-Value Customers
12691.0,28,6,1035.8,1035.8,0,Regular / Moderate-Value Customers
12693.0,127,4,855.91,855.91,0,Regular / Moderate-Value Customers
12694.0,70,2,869.67,869.67,0,Regular / Moderate-Value Customers
12695.0,7,4,582.1,582.1,0,Regular / Moderate-Value Customers
12697.0,29,3,957.59,957.59,0,Regular / Moderate-Value Customers
12700.0,8,4,4939.99,4939.99,0,Regular / Moderate-Value Customers
12701.0,80,2,797.71,797.71,0,Regular / Moderate-Value Customers
12702.0,20,1,219.0,219.0,0,Regular / Moderate-Value Customers
12703.0,71,1,283.55,283.55,0,Regular / Moderate-Value Customers
12704.0,7,8,2340.84,2340.84,0,Regular / Moderate-Value Customers
12705.0,15,9,6868.29,6868.29,0,Regular / Moderate-Value Customers
12707.0,292,1,603.42,603.42,1,At-Risk / Low-Value Customers
12708.0,30,10,2712.91,2712.91,0,Regular / Moderate-Value Customers
12709.0,15,15,9706.52,9706.52,3,Loyal / Valuable Customers
12710.0,97,3,1149.02,1149.02,0,Regular / Moderate-Value Customers
12712.0,29,13,4396.13,4396.13,0,Regular / Moderate-Value Customers
12713.0,1,1,848.55,848.55,0,Regular / Moderate-Value Customers
12714.0,9,5,4708.86,4708.86,0,Regular / Moderate-Value Customers
12715.0,106,1,343.36,343.36,0,Regular / Moderate-Value Customers
12716.0,4,2,1053.49,1053.49,0,Regular / Moderate-Value Customers
12717.0,151,2,1030.98,1030.98,1,At-Risk / Low-Value Customers
12718.0,71,1,238.25,238.25,0,Regular / Moderate-Value Customers
12719.0,5,2,644.95,644.95,0,Regular / Moderate-Value Customers
12720.0,3,25,5781.73,5781.73,3,Loyal / Valuable Customers
12721.0,32,6,2656.13,2656.13,0,Regular / Moderate-Value Customers
12722.0,85,4,997.63,997.63,0,Regular / Moderate-Value Customers
12723.0,4,5,725.07,725.07,0,Regular / Moderate-Value Customers
12724.0,5,4,1031.41,1031.41,0,Regular / Moderate-Value Customers
12725.0,371,1,427.8,427.8,1,At-Risk / Low-Value Customers
12726.0,28,7,2609.1,2609.1,0,Regular / Moderate-Value Customers
12727.0,11,7,3980.7,3980.7,0,Regular / Moderate-Value Customers
12728.0,71,4,836.33,836.33,0,Regular / Moderate-Value Customers
12729.0,114,1,453.01,453.01,0,Regular / Moderate-Value Customers
12731.0,24,12,18895.91,18895.91,3,Loyal / Valuable Customers
12732.0,180,1,236.26000000000002,236.26000000000002,1,At-Risk / Low-Value Customers
12733.0,234,1,383.95,383.95,1,At-Risk / Low-Value Customers
12734.0,353,1,110.39999999999999,110.39999999999999,1,At-Risk / Low-Value Customers
12735.0,315,2,779.5699999999999,779.5699999999999,1,At-Risk / Low-Value Customers
12736.0,333,1,234.0,234.0,1,At-Risk / Low-Value Customers
12738.0,372,1,155.35,155.35,1,At-Risk / Low-Value Customers
12739.0,78,2,1013.04,1013.04,0,Regular / Moderate-Value Customers
12740.0,64,1,427.6,427.6,0,Regular / Moderate-Value Customers
12743.0,134,2,540.13,540.13,0,Regular / Moderate-Value Customers
12744.0,52,7,21279.29,21279.29,3,Loyal / Valuable Customers
12747.0,2,11,4196.01,4196.01,0,Regular / Moderate-Value Customers
12748.0,1,209,33053.19,33053.19,2,High-Value Customers
12749.0,4,5,4090.88,4090.88,0,Regular / Moderate-Value Customers
12750.0,129,1,275.88,275.88,0,Regular / Moderate-Value Customers
12752.0,81,1,4366.78,4366.78,0,Regular / Moderate-Value Customers
12753.0,23,6,21429.39,21429.39,0,Regular / Moderate-Value Customers
12754.0,236,3,3010.74,3010.74,1,At-Risk / Low-Value Customers
12755.0,281,2,3811.95,3811.95,1,At-Risk / Low-Value Customers
12756.0,87,1,112.07999999999998,112.07999999999998,0,Regular / Moderate-Value Customers
12757.0,16,13,7834.650000000001,7834.650000000001,3,Loyal / Valuable Customers
12758.0,117,2,2791.59,2791.59,0,Regular / Moderate-Value Customers
12759.0,52,3,1531.44,1531.44,0,Regular / Moderate-Value Customers
12762.0,8,2,1898.52,1898.52,0,Regular / Moderate-Value Customers
12763.0,138,2,494.08,494.08,0,Regular / Moderate-Value Customers
12764.0,317,1,1693.88,1693.88,1,At-Risk / Low-Value Customers
12766.0,4,7,6989.63,6989.63,0,Regular / Moderate-Value Customers
12769.0,239,1,1143.6,1143.6,1,At-Risk / Low-Value Customers
12770.0,211,1,1351.45,1351.45,1,At-Risk / Low-Value Customers
12772.0,60,1,892.47,892.47,0,Regular / Moderate-Value Customers
12775.0,17,5,1386.04,1386.04,0,Regular / Moderate-Value Customers
12778.0,20,6,822.23,822.23,0,Regular / Moderate-Value Customers
12779.0,38,8,3981.36,3981.36,0,Regular / Moderate-Value Customers
12781.0,64,2,826.74,826.74,0,Regular / Moderate-Value Customers
12782.0,5,5,2330.92,2330.92,0,Regular / Moderate-Value Customers
12783.0,2,6,2225.91,2225.91,0,Regular / Moderate-Value Customers
12784.0,9,2,532.8199999999999,532.8199999999999,0,Regular / Moderate-Value Customers
12785.0,364,1,311.95,311.95,1,At-Risk / Low-Value Customers
12787.0,10,3,463.66,463.66,0,Regular / Moderate-Value Customers
12789.0,65,1,91.85,91.85,0,Regular / Moderate-Value Customers
12790.0,192,1,324.92,324.92,1,At-Risk / Low-Value Customers
12791.0,374,1,192.60000000000002,192.60000000000002,1,At-Risk / Low-Value Customers
12792.0,257,1,400.53999999999996,400.53999999999996,1,At-Risk / Low-Value Customers
12793.0,335,2,545.48,545.48,1,At-Risk / Low-Value Customers
12794.0,53,2,860.41,860.41,0,Regular / Moderate-Value Customers
12795.0,19,1,430.48,430.48,0,Regular / Moderate-Value Customers
12797.0,366,1,254.03,254.03,1,At-Risk / Low-Value Customers
12798.0,10,3,6977.04,6977.04,0,Regular / Moderate-Value Customers
12802.0,187,1,427.58,427.58,1,At-Risk / Low-Value Customers
12808.0,37,3,483.65000000000003,483.65000000000003,0,Regular / Moderate-Value Customers
12809.0,178,1,489.31,489.31,1,At-Risk / Low-Value Customers
12811.0,261,3,514.85,514.85,1,At-Risk / Low-Value Customers
12812.0,45,1,229.64000000000001,229.64000000000001,0,Regular / Moderate-Value Customers
12814.0,102,1,125.92,125.92,0,Regular / Moderate-Value Customers
12815.0,148,2,1063.46,1063.46,1,At-Risk / Low-Value Customers
12816.0,96,2,572.2,572.2,0,Regular / Moderate-Value Customers
12817.0,281,1,166.04,166.04,1,At-Risk / Low-Value Customers
12818.0,262,1,1542.08,1542.08,1,At-Risk / Low-Value Customers
12820.0,3,4,942.34,942.34,0,Regular / Moderate-Value Customers
12821.0,214,1,92.72,92.72,1,At-Risk / Low-Value Customers
12822.0,71,2,948.88,948.88,0,Regular / Moderate-Value Customers
12823.0,75,5,1759.5,1759.5,0,Regular / Moderate-Value Customers
12824.0,60,1,397.12,397.12,0,Regular / Moderate-Value Customers
12826.0,3,7,1474.72,1474.72,0,Regular / Moderate-Value Customers
12827.0,6,3,430.15000000000003,430.15000000000003,0,Regular / Moderate-Value Customers
12828.0,3,6,1018.71,1018.71,0,Regular / Moderate-Value Customers
12829.0,337,2,293.0,293.0,1,At-Risk / Low-Value Customers
12830.0,38,6,6814.64,6814.64,0,Regular / Moderate-Value Customers
12831.0,262,1,215.05,215.05,1,At-Risk / Low-Value Customers
12832.0,32,2,383.03,383.03,0,Regular / Moderate-Value Customers
12833.0,145,1,417.38,417.38,1,At-Risk / Low-Value Customers
12834.0,283,1,312.38,312.38,1,At-Risk / Low-Value Customers
12836.0,59,4,2610.36,2610.36,0,Regular / Moderate-Value Customers
12837.0,173,1,134.1,134.1,1,At-Risk / Low-Value Customers
12838.0,34,2,671.95,671.95,0,Regular / Moderate-Value Customers
12839.0,3,14,5591.42,5591.42,3,Loyal / Valuable Customers
12840.0,144,4,2726.77,2726.77,0,Regular / Moderate-Value Customers
12841.0,5,25,3991.58,3991.58,3,Loyal / Valuable Customers
12842.0,70,2,1118.99,1118.99,0,Regular / Moderate-Value Customers
12843.0,66,8,1702.26,1702.26,0,Regular / Moderate-Value Customers
12844.0,29,2,325.96000000000004,325.96000000000004,0,Regular / Moderate-Value Customers
12845.0,267,4,354.09,354.09,1,At-Risk / Low-Value Customers
12847.0,22,1,843.64,843.64,0,Regular / Moderate-Value Customers
12849.0,31,2,1010.29,1010.29,0,Regular / Moderate-Value Customers
12851.0,97,1,131.81,131.81,0,Regular / Moderate-Value Customers
12852.0,295,1,311.55,311.55,1,At-Risk / Low-Value Customers
12853.0,135,6,1957.1000000000001,1957.1000000000001,0,Regular / Moderate-Value Customers
12854.0,79,3,1316.25,1316.25,0,Regular / Moderate-Value Customers
12855.0,373,1,38.1,38.1,1,At-Risk / Low-Value Customers
12856.0,8,6,2170.78,2170.78,0,Regular / Moderate-Value Customers
12857.0,211,2,1106.4,1106.4,1,At-Risk / Low-Value Customers
12863.0,52,1,521.2,521.2,0,Regular / Moderate-Value Customers
12864.0,138,1,147.12,147.12,0,Regular / Moderate-Value Customers
12865.0,26,2,1568.23,1568.23,0,Regular / Moderate-Value Customers
12866.0,283,1,559.12,559.12,1,At-Risk / Low-Value Customers
12867.0,26,7,4009.34,4009.34,0,Regular / Moderate-Value Customers
12868.0,186,6,1607.0600000000002,1607.0600000000002,1,At-Risk / Low-Value Customers
12871.0,84,2,380.64,380.64,0,Regular / Moderate-Value Customers
12872.0,327,2,599.97,599.97,1,At-Risk / Low-Value Customers
12873.0,282,1,374.0,374.0,1,At-Risk / Low-Value Customers
12875.0,143,2,343.2300000000001,343.2300000000001,0,Regular / Moderate-Value Customers
12876.0,58,2,2218.02,2218.02,0,Regular / Moderate-Value Customers
12877.0,4,12,1535.77,1535.77,0,Regular / Moderate-Value Customers
12878.0,236,2,854.99,854.99,1,At-Risk / Low-Value Customers
12879.0,45,3,573.22,573.22,0,Regular / Moderate-Value Customers
12881.0,276,1,298.0,298.0,1,At-Risk / Low-Value Customers
12882.0,9,2,1463.04,1463.04,0,Regular / Moderate-Value Customers
12883.0,25,4,703.47,703.47,0,Regular / Moderate-Value Customers
12884.0,88,1,309.05,309.05,0,Regular / Moderate-Value Customers
12885.0,63,3,1175.22,1175.22,0,Regular / Moderate-Value Customers
12886.0,68,2,1378.4,1378.4,0,Regular / Moderate-Value Customers
12888.0,214,2,354.12,354.12,1,At-Risk / Low-Value Customers
12890.0,24,1,376.71999999999997,376.71999999999997,0,Regular / Moderate-Value Customers
12891.0,186,3,331.0,331.0,1,At-Risk / Low-Value Customers
12893.0,31,1,176.55,176.55,0,Regular / Moderate-Value Customers
12895.0,42,2,372.8,372.8,0,Regular / Moderate-Value Customers
12897.0,205,2,216.5,216.5,1,At-Risk / Low-Value Customers
12901.0,9,28,17654.54,17654.54,3,Loyal / Valuable Customers
12902.0,265,1,138.68,138.68,1,At-Risk / Low-Value Customers
12904.0,18,2,496.06,496.06,0,Regular / Moderate-Value Customers
12906.0,12,5,2919.81,2919.81,0,Regular / Moderate-Value Customers
12908.0,176,2,750.0,750.0,1,At-Risk / Low-Value Customers
12909.0,40,5,2178.67,2178.67,0,Regular / Moderate-Value Customers
12910.0,23,8,3075.04,3075.04,0,Regular / Moderate-Value Customers
12912.0,3,5,1662.3,1662.3,0,Regular / Moderate-Value Customers
12913.0,5,5,2483.63,2483.63,0,Regular / Moderate-Value Customers
12915.0,149,2,363.65,363.65,1,At-Risk / Low-Value Customers
12916.0,139,4,2944.95,2944.95,0,Regular / Moderate-Value Customers
12917.0,128,1,594.0,594.0,0,Regular / Moderate-Value Customers
12919.0,8,6,1335.19,1335.19,0,Regular / Moderate-Value Customers
12920.0,17,1,162.78,162.78,0,Regular / Moderate-Value Customers
12921.0,9,37,16587.09,16587.09,3,Loyal / Valuable Customers
12922.0,161,1,405.38,405.38,1,At-Risk / Low-Value Customers
12923.0,64,1,172.82,172.82,0,Regular / Moderate-Value Customers
12924.0,88,4,933.7,933.7,0,Regular / Moderate-Value Customers
12925.0,5,2,694.05,694.05,0,Regular / Moderate-Value Customers
12928.0,35,5,2062.7000000000003,2062.7000000000003,0,Regular / Moderate-Value Customers
12929.0,312,1,117.85,117.85,1,At-Risk / Low-Value Customers
12930.0,78,2,415.8,415.8,0,Regular / Moderate-Value Customers
12931.0,22,15,42055.96,42055.96,3,Loyal / Valuable Customers
12933.0,24,3,607.53,607.53,0,Regular / Moderate-Value Customers
12935.0,2,7,2160.7,2160.7,0,Regular / Moderate-Value Customers
12936.0,17,4,1063.9,1063.9,0,Regular / Moderate-Value Customers
12937.0,15,4,1504.27,1504.27,0,Regular / Moderate-Value Customers
12938.0,26,1,114.14,114.14,0,Regular / Moderate-Value Customers
12939.0,64,8,11581.8,11581.8,0,Regular / Moderate-Value Customers
12940.0,55,2,899.69,899.69,0,Regular / Moderate-Value Customers
12942.0,131,3,675.6,675.6,0,Regular / Moderate-Value Customers
12944.0,36,2,604.51,604.51,0,Regular / Moderate-Value Customers
12945.0,288,1,462.95,462.95,1,At-Risk / Low-Value Customers
12947.0,144,6,1603.99,1603.99,0,Regular / Moderate-Value Customers
12948.0,16,7,2064.95,2064.95,0,Regular / Moderate-Value Customers
12949.0,31,8,4167.22,4167.22,0,Regular / Moderate-Value Customers
12950.0,2,3,1843.0,1843.0,0,Regular / Moderate-Value Customers
12951.0,9,6,1064.07,1064.07,0,Regular / Moderate-Value Customers
12952.0,6,4,1387.79,1387.79,0,Regular / Moderate-Value Customers
12953.0,10,1,329.85,329.85,0,Regular / Moderate-Value Customers
12955.0,1,11,4757.16,4757.16,0,Regular / Moderate-Value Customers
12956.0,306,1,108.07,108.07,1,At-Risk / Low-Value Customers
12957.0,10,8,4017.54,4017.54,0,Regular / Moderate-Value Customers
12962.0,7,2,266.39,266.39,0,Regular / Moderate-Value Customers
12963.0,8,8,1856.63,1856.63,0,Regular / Moderate-Value Customers
12965.0,89,1,769.8100000000001,769.8100000000001,0,Regular / Moderate-Value Customers
12966.0,10,1,160.18,160.18,0,Regular / Moderate-Value Customers
12967.0,358,2,1660.9,1660.9,1,At-Risk / Low-Value Customers
12968.0,112,1,135.95,135.95,0,Regular / Moderate-Value Customers
12970.0,7,4,405.47,405.47,0,Regular / Moderate-Value Customers
12971.0,4,86,11189.91,11189.91,3,Loyal / Valuable Customers
12974.0,198,1,144.8,144.8,1,At-Risk / Low-Value Customers
12976.0,212,1,738.6,738.6,1,At-Risk / Low-Value Customers
12977.0,156,1,39.239999999999995,39.239999999999995,1,At-Risk / Low-Value Customers
12980.0,158,9,7374.900000000001,7374.900000000001,0,Regular / Moderate-Value Customers
12981.0,30,2,372.21999999999997,372.21999999999997,0,Regular / Moderate-Value Customers
12982.0,243,1,390.54,390.54,1,At-Risk / Low-Value Customers
12984.0,19,1,97.5,97.5,0,Regular / Moderate-Value Customers
12985.0,1,2,1239.38,1239.38,0,Regular / Moderate-Value Customers
12987.0,74,2,558.7,558.7,0,Regular / Moderate-Value Customers
12988.0,292,1,505.82,505.82,1,At-Risk / Low-Value Customers
12989.0,3,15,6924.110000000001,6924.110000000001,3,Loyal / Valuable Customers
12990.0,31,3,409.5,409.5,0,Regular / Moderate-Value Customers
12991.0,23,2,503.76,503.76,0,Regular / Moderate-Value Customers
12993.0,23,4,414.76,414.76,0,Regular / Moderate-Value Customers
12994.0,4,3,974.4200000000001,974.4200000000001,0,Regular / Moderate-Value Customers
12995.0,85,1,211.32,211.32,0,Regular / Moderate-Value Customers
12997.0,22,4,1226.89,1226.89,0,Regular / Moderate-Value Customers
12999.0,196,3,455.88,455.88,1,At-Risk / Low-Value Customers
13000.0,107,3,534.85,534.85,0,Regular / Moderate-Value Customers
13001.0,4,13,9785.970000000001,9785.970000000001,3,Loyal / Valuable Customers
13002.0,318,1,120.94999999999999,120.94999999999999,1,At-Risk / Low-Value Customers
13003.0,106,3,149.05,149.05,0,Regular / Moderate-Value Customers
13004.0,12,18,5655.91,5655.91,3,Loyal / Valuable Customers
13005.0,174,2,513.7,513.7,1,At-Risk / Low-Value Customers
13006.0,56,1,81.57,81.57,0,Regular / Moderate-Value Customers
13008.0,323,1,229.46999999999997,229.46999999999997,1,At-Risk / Low-Value Customers
13011.0,372,1,50.550000000000004,50.550000000000004,1,At-Risk / Low-Value Customers
13012.0,9,8,1646.8400000000001,1646.8400000000001,0,Regular / Moderate-Value Customers
13013.0,1,13,4810.9400000000005,4810.9400000000005,0,Regular / Moderate-Value Customers
13014.0,11,10,3466.2799999999997,3466.2799999999997,0,Regular / Moderate-Value Customers
13015.0,53,5,3339.64,3339.64,0,Regular / Moderate-Value Customers
13016.0,73,3,789.89,789.89,0,Regular / Moderate-Value Customers
13017.0,7,1,204.0,204.0,0,Regular / Moderate-Value Customers
13018.0,16,28,7277.7,7277.7,3,Loyal / Valuable Customers
13021.0,4,9,2616.38,2616.38,0,Regular / Moderate-Value Customers
13023.0,64,2,689.9,689.9,0,Regular / Moderate-Value Customers
13026.0,1,5,975.36,975.36,0,Regular / Moderate-Value Customers
13027.0,114,6,6912.0,6912.0,0,Regular / Moderate-Value Customers
13028.0,23,2,661.3199999999999,661.3199999999999,0,Regular / Moderate-Value Customers
13029.0,31,3,1247.5,1247.5,0,Regular / Moderate-Value Customers
13030.0,11,2,752.4399999999999,752.4399999999999,0,Regular / Moderate-Value Customers
13032.0,52,2,1010.18,1010.18,0,Regular / Moderate-Value Customers
13033.0,357,1,190.55,190.55,1,At-Risk / Low-Value Customers
13034.0,55,2,642.77,642.77,0,Regular / Moderate-Value Customers
13035.0,74,2,921.88,921.88,0,Regular / Moderate-Value Customers
13037.0,138,3,881.07,881.07,0,Regular / Moderate-Value Customers
13038.0,80,3,908.46,908.46,0,Regular / Moderate-Value Customers
13040.0,9,2,676.99,676.99,0,Regular / Moderate-Value Customers
13043.0,273,1,516.42,516.42,1,At-Risk / Low-Value Customers
13044.0,291,1,560.47,560.47,1,At-Risk / Low-Value Customers
13045.0,99,1,305.28000000000003,305.28000000000003,0,Regular / Moderate-Value Customers
13046.0,31,2,629.31,629.31,0,Regular / Moderate-Value Customers
13047.0,32,10,3237.54,3237.54,0,Regular / Moderate-Value Customers
13048.0,14,4,1819.41,1819.41,0,Regular / Moderate-Value Customers
13049.0,64,2,656.6800000000001,656.6800000000001,0,Regular / Moderate-Value Customers
13050.0,15,17,5836.86,5836.86,3,Loyal / Valuable Customers
13052.0,212,1,348.15000000000003,348.15000000000003,1,At-Risk / Low-Value Customers
13055.0,78,3,1214.41,1214.41,0,Regular / Moderate-Value Customers
13058.0,25,3,271.40000000000003,271.40000000000003,0,Regular / Moderate-Value Customers
13059.0,250,1,183.4,183.4,1,At-Risk / Low-Value Customers
13060.0,254,1,307.53,307.53,1,At-Risk / Low-Value Customers
13061.0,72,1,248.61,248.61,0,Regular / Moderate-Value Customers
13062.0,191,1,346.98,346.98,1,At-Risk / Low-Value Customers
13064.0,13,4,1105.59,1105.59,0,Regular / Moderate-Value Customers
13065.0,373,1,205.86,205.86,1,At-Risk / Low-Value Customers
13066.0,24,2,470.8,470.8,0,Regular / Moderate-Value Customers
13067.0,82,1,115.46000000000001,115.46000000000001,0,Regular / Moderate-Value Customers
13068.0,10,2,344.0,344.0,0,Regular / Moderate-Value Customers
13069.0,1,24,4431.44,4431.44,3,Loyal / Valuable Customers
13070.0,192,1,228.8,228.8,1,At-Risk / Low-Value Customers
13072.0,267,1,177.15,177.15,1,At-Risk / Low-Value Customers
13075.0,130,1,919.61,919.61,0,Regular / Moderate-Value Customers
13077.0,1,4,728.02,728.02,0,Regular / Moderate-Value Customers
13078.0,3,26,12627.94,12627.94,3,Loyal / Valuable Customers
13079.0,4,5,220.10000000000002,220.10000000000002,0,Regular / Moderate-Value Customers
13080.0,179,1,58.08,58.08,1,At-Risk / Low-Value Customers
13081.0,12,11,28337.38,28337.38,3,Loyal / Valuable Customers
13082.0,126,9,3613.63,3613.63,0,Regular / Moderate-Value Customers
13083.0,4,2,303.75,303.75,0,Regular / Moderate-Value Customers
13085.0,158,2,416.08000000000004,416.08000000000004,1,At-Risk / Low-Value Customers
13089.0,3,97,58762.08,58762.08,2,High-Value Customers
13090.0,9,14,8910.82,8910.82,3,Loyal / Valuable Customers
13091.0,28,1,345.82,345.82,0,Regular / Moderate-Value Customers
13092.0,71,5,477.83,477.83,0,Regular / Moderate-Value Customers
13093.0,276,8,7832.47,7832.47,1,At-Risk / Low-Value Customers
13094.0,21,12,1927.3200000000002,1927.3200000000002,0,Regular / Moderate-Value Customers
13095.0,71,1,74.39999999999999,74.39999999999999,0,Regular / Moderate-Value Customers
13097.0,33,10,6003.22,6003.22,0,Regular / Moderate-Value Customers
13098.0,1,28,28882.44,28882.44,3,Loyal / Valuable Customers
13099.0,99,1,207.35999999999999,207.35999999999999,0,Regular / Moderate-Value Customers
13101.0,234,1,101.19,101.19,1,At-Risk / Low-Value Customers
13102.0,1,24,6424.09,6424.09,3,Loyal / Valuable Customers
13103.0,40,1,243.94,243.94,0,Regular / Moderate-Value Customers
13104.0,3,6,1098.48,1098.48,0,Regular / Moderate-Value Customers
13106.0,133,1,76.5,76.5,0,Regular / Moderate-Value Customers
13107.0,44,4,1531.6200000000001,1531.6200000000001,0,Regular / Moderate-Value Customers
13108.0,373,1,350.06,350.06,1,At-Risk / Low-Value Customers
13109.0,60,2,786.54,786.54,0,Regular / Moderate-Value Customers
13110.0,31,7,1488.67,1488.67,0,Regular / Moderate-Value Customers
13113.0,1,24,12245.960000000001,12245.960000000001,3,Loyal / Valuable Customers
13115.0,12,4,2294.78,2294.78,0,Regular / Moderate-Value Customers
13116.0,138,1,501.14,501.14,0,Regular / Moderate-Value Customers
13117.0,22,8,984.91,984.91,0,Regular / Moderate-Value Customers
13118.0,20,5,1197.81,1197.81,0,Regular / Moderate-Value Customers
13120.0,239,1,30.599999999999998,30.599999999999998,1,At-Risk / Low-Value Customers
13121.0,269,1,283.73,283.73,1,At-Risk / Low-Value Customers
13122.0,94,2,922.39,922.39,0,Regular / Moderate-Value Customers
13124.0,90,3,3756.33,3756.33,0,Regular / Moderate-Value Customers
13126.0,5,8,2099.64,2099.64,0,Regular / Moderate-Value Customers
13127.0,78,1,259.17,259.17,0,Regular / Moderate-Value Customers
13130.0,94,1,64.0,64.0,0,Regular / Moderate-Value Customers
13131.0,23,3,1073.3,1073.3,0,Regular / Moderate-Value Customers
13132.0,262,1,77.3,77.3,1,At-Risk / Low-Value Customers
13133.0,274,2,109.8,109.8,1,At-Risk / Low-Value Customers
13134.0,86,4,1793.58,1793.58,0,Regular / Moderate-Value Customers
13135.0,197,1,3096.0,3096.0,1,At-Risk / Low-Value Customers
13136.0,56,5,2607.61,2607.61,0,Regular / Moderate-Value Customers
13137.0,11,8,3603.29,3603.29,0,Regular / Moderate-Value Customers
13138.0,22,6,962.39,962.39,0,Regular / Moderate-Value Customers
13139.0,16,7,5064.94,5064.94,0,Regular / Moderate-Value Customers
13140.0,108,3,422.47,422.47,0,Regular / Moderate-Value Customers
13141.0,85,5,2388.75,2388.75,0,Regular / Moderate-Value Customers
13142.0,19,1,307.09,307.09,0,Regular / Moderate-Value Customers
13144.0,333,1,110.95,110.95,1,At-Risk / Low-Value Customers
13145.0,40,4,618.52,618.52,0,Regular / Moderate-Value Customers
13146.0,26,1,228.91,228.91,0,Regular / Moderate-Value Customers
13147.0,10,4,712.8000000000001,712.8000000000001,0,Regular / Moderate-Value Customers
13148.0,29,12,3683.26,3683.26,0,Regular / Moderate-Value Customers
13149.0,14,4,1676.06,1676.06,0,Regular / Moderate-Value Customers
13151.0,296,1,1257.8700000000001,1257.8700000000001,1,At-Risk / Low-Value Customers
13153.0,6,1,486.22,486.22,0,Regular / Moderate-Value Customers
13155.0,33,4,971.76,971.76,0,Regular / Moderate-Value Customers
13157.0,49,4,1741.22,1741.22,0,Regular / Moderate-Value Customers
13158.0,95,4,1201.06,1201.06,0,Regular / Moderate-Value Customers
13159.0,9,4,1429.35,1429.35,0,Regular / Moderate-Value Customers
13160.0,22,1,91.8,91.8,0,Regular / Moderate-Value Customers
13161.0,313,1,112.75,112.75,1,At-Risk / Low-Value Customers
13162.0,122,4,1688.29,1688.29,0,Regular / Moderate-Value Customers
13165.0,46,2,1021.48,1021.48,0,Regular / Moderate-Value Customers
13166.0,283,1,417.2,417.2,1,At-Risk / Low-Value Customers
13167.0,19,4,791.33,791.33,0,Regular / Moderate-Value Customers
13168.0,36,4,1299.59,1299.59,0,Regular / Moderate-Value Customers
13169.0,64,2,712.88,712.88,0,Regular / Moderate-Value Customers
13170.0,27,1,108.81,108.81,0,Regular / Moderate-Value Customers
13171.0,22,3,468.41,468.41,0,Regular / Moderate-Value Customers
13173.0,4,2,353.65,353.65,0,Regular / Moderate-Value Customers
13174.0,16,3,2742.82,2742.82,0,Regular / Moderate-Value Customers
13176.0,46,1,481.49,481.49,0,Regular / Moderate-Value Customers
13177.0,65,1,282.45,282.45,0,Regular / Moderate-Value Customers
13178.0,26,11,5725.47,5725.47,0,Regular / Moderate-Value Customers
13182.0,45,1,121.18,121.18,0,Regular / Moderate-Value Customers
13183.0,8,9,3957.78,3957.78,0,Regular / Moderate-Value Customers
13184.0,15,10,1668.95,1668.95,0,Regular / Moderate-Value Customers
13185.0,268,1,71.4,71.4,1,At-Risk / Low-Value Customers
13186.0,40,3,1575.89,1575.89,0,Regular / Moderate-Value Customers
13187.0,337,1,236.02,236.02,1,At-Risk / Low-Value Customers
13188.0,11,1,114.60000000000001,114.60000000000001,0,Regular / Moderate-Value Customers
13189.0,19,2,260.68,260.68,0,Regular / Moderate-Value Customers
13192.0,95,2,911.94,911.94,0,Regular / Moderate-Value Customers
13193.0,61,1,112.08,112.08,0,Regular / Moderate-Value Customers
13194.0,136,1,60.7,60.7,0,Regular / Moderate-Value Customers
13196.0,11,4,1797.78,1797.78,0,Regular / Moderate-Value Customers
13198.0,10,6,3401.2400000000002,3401.2400000000002,0,Regular / Moderate-Value Customers
13199.0,4,38,9817.12,9817.12,3,Loyal / Valuable Customers
13200.0,19,4,870.09,870.09,0,Regular / Moderate-Value Customers
13203.0,10,4,869.46,869.46,0,Regular / Moderate-Value Customers
13207.0,15,2,250.26000000000002,250.26000000000002,0,Regular / Moderate-Value Customers
13208.0,59,6,1217.65,1217.65,0,Regular / Moderate-Value Customers
13209.0,30,8,5891.61,5891.61,0,Regular / Moderate-Value Customers
13210.0,94,1,353.48,353.48,0,Regular / Moderate-Value Customers
13211.0,10,3,1095.42,1095.42,0,Regular / Moderate-Value Customers
13212.0,20,3,786.83,786.83,0,Regular / Moderate-Value Customers
13213.0,57,5,1520.58,1520.58,0,Regular / Moderate-Value Customers
13216.0,268,1,333.74,333.74,1,At-Risk / Low-Value Customers
13217.0,122,3,533.98,533.98,0,Regular / Moderate-Value Customers
13218.0,127,1,62.63999999999999,62.63999999999999,0,Regular / Moderate-Value Customers
13220.0,78,4,819.2900000000001,819.2900000000001,0,Regular / Moderate-Value Customers
13221.0,240,2,847.41,847.41,1,At-Risk / Low-Value Customers
13223.0,200,2,163.20000000000002,163.20000000000002,1,At-Risk / Low-Value Customers
13224.0,60,2,2155.95,2155.95,0,Regular / Moderate-Value Customers
13225.0,3,7,6463.84,6463.84,0,Regular / Moderate-Value Customers
13226.0,273,1,108.21000000000001,108.21000000000001,1,At-Risk / Low-Value Customers
13227.0,202,1,257.7,257.7,1,At-Risk / Low-Value Customers
13228.0,81,1,358.0,358.0,0,Regular / Moderate-Value Customers
13229.0,226,1,160.95,160.95,1,At-Risk / Low-Value Customers
13230.0,4,14,2755.63,2755.63,0,Regular / Moderate-Value Customers
13232.0,13,7,1328.35,1328.35,0,Regular / Moderate-Value Customers
13233.0,74,2,605.12,605.12,0,Regular / Moderate-Value Customers
13235.0,212,1,1031.07,1031.07,1,At-Risk / Low-Value Customers
13236.0,25,2,744.85,744.85,0,Regular / Moderate-Value Customers
13238.0,17,4,700.73,700.73,0,Regular / Moderate-Value Customers
13239.0,262,1,329.56,329.56,1,At-Risk / Low-Value Customers
13240.0,96,4,663.65,663.65,0,Regular / Moderate-Value Customers
13242.0,112,3,270.40000000000003,270.40000000000003,0,Regular / Moderate-Value Customers
13243.0,203,1,585.12,585.12,1,At-Risk / Low-Value Customers
13244.0,93,1,121.74000000000001,121.74000000000001,0,Regular / Moderate-Value Customers
13245.0,51,1,430.5,430.5,0,Regular / Moderate-Value Customers
13246.0,18,6,1961.52,1961.52,0,Regular / Moderate-Value Customers
13247.0,18,4,501.12,501.12,0,Regular / Moderate-Value Customers
13248.0,125,2,465.68,465.68,0,Regular / Moderate-Value Customers
13249.0,92,3,711.41,711.41,0,Regular / Moderate-Value Customers
13253.0,157,2,1030.4,1030.4,1,At-Risk / Low-Value Customers
13255.0,9,2,399.51,399.51,0,Regular / Moderate-Value Customers
13258.0,12,3,672.83,672.83,0,Regular / Moderate-Value Customers
13259.0,62,1,283.18,283.18,0,Regular / Moderate-Value Customers
13260.0,61,1,557.62,557.62,0,Regular / Moderate-Value Customers
13261.0,269,2,944.1,944.1,1,At-Risk / Low-Value Customers
13262.0,263,1,200.29,200.29,1,At-Risk / Low-Value Customers
13263.0,1,35,7436.93,7436.93,3,Loyal / Valuable Customers
13265.0,53,5,2092.66,2092.66,0,Regular / Moderate-Value Customers
13266.0,11,12,3834.2599999999998,3834.2599999999998,0,Regular / Moderate-Value Customers
13267.0,3,19,4521.49,4521.49,3,Loyal / Valuable Customers
13268.0,18,11,3174.75,3174.75,0,Regular / Moderate-Value Customers
13269.0,1,15,5343.28,5343.28,3,Loyal / Valuable Customers
13270.0,366,1,590.0,590.0,1,At-Risk / Low-Value Customers
13271.0,37,1,211.49,211.49,0,Regular / Moderate-Value Customers
13272.0,31,2,276.56,276.56,0,Regular / Moderate-Value Customers
13273.0,113,1,138.98,138.98,0,Regular / Moderate-Value Customers
13276.0,64,2,590.9300000000001,590.9300000000001,0,Regular / Moderate-Value Customers
13277.0,16,4,258.4,258.4,0,Regular / Moderate-Value Customers
13278.0,41,1,542.73,542.73,0,Regular / Moderate-Value Customers
13279.0,78,1,137.75,137.75,0,Regular / Moderate-Value Customers
13280.0,122,3,798.46,798.46,0,Regular / Moderate-Value Customers
13282.0,18,3,1132.14,1132.14,0,Regular / Moderate-Value Customers
13283.0,60,2,93.66,93.66,0,Regular / Moderate-Value Customers
13284.0,331,1,201.19,201.19,1,At-Risk / Low-Value Customers
13285.0,23,4,2709.12,2709.12,0,Regular / Moderate-Value Customers
13291.0,156,1,361.11,361.11,1,At-Risk / Low-Value Customers
13292.0,39,2,578.9399999999999,578.9399999999999,0,Regular / Moderate-Value Customers
13294.0,190,2,873.74,873.74,1,At-Risk / Low-Value Customers
13295.0,360,1,201.20000000000002,201.20000000000002,1,At-Risk / Low-Value Customers
13296.0,137,1,87.4,87.4,0,Regular / Moderate-Value Customers
13297.0,8,4,2089.85,2089.85,0,Regular / Moderate-Value Customers
13298.0,1,1,360.0,360.0,0,Regular / Moderate-Value Customers
13299.0,268,1,142.5,142.5,1,At-Risk / Low-Value Customers
13300.0,169,1,371.89,371.89,1,At-Risk / Low-Value Customers
13301.0,104,4,618.09,618.09,0,Regular / Moderate-Value Customers
13302.0,155,1,63.75,63.75,1,At-Risk / Low-Value Customers
13304.0,351,1,300.42,300.42,1,At-Risk / Low-Value Customers
13305.0,4,10,2000.86,2000.86,0,Regular / Moderate-Value Customers
13307.0,120,1,15.0,15.0,0,Regular / Moderate-Value Customers
13308.0,23,3,1385.51,1385.51,0,Regular / Moderate-Value Customers
13309.0,7,5,1456.79,1456.79,0,Regular / Moderate-Value Customers
13310.0,28,3,1132.03,1132.03,0,Regular / Moderate-Value Customers
13311.0,4,2,598.57,598.57,0,Regular / Moderate-Value Customers
13313.0,22,5,1555.32,1555.32,0,Regular / Moderate-Value Customers
13314.0,2,3,775.94,775.94,0,Regular / Moderate-Value Customers
13316.0,37,4,5732.93,5732.93,0,Regular / Moderate-Value Customers
13317.0,66,6,2273.68,2273.68,0,Regular / Moderate-Value Customers
13318.0,1,3,640.76,640.76,0,Regular / Moderate-Value Customers
13319.0,5,26,10845.550000000001,10845.550000000001,3,Loyal / Valuable Customers
13320.0,78,4,1532.2,1532.2,0,Regular / Moderate-Value Customers
13321.0,72,2,567.36,567.36,0,Regular / Moderate-Value Customers
13322.0,17,1,199.48000000000002,199.48000000000002,0,Regular / Moderate-Value Customers
13323.0,3,5,787.85,787.85,0,Regular / Moderate-Value Customers
13324.0,36,10,7121.95,7121.95,0,Regular / Moderate-Value Customers
13325.0,82,1,675.3,675.3,0,Regular / Moderate-Value Customers
13327.0,39,8,3627.77,3627.77,0,Regular / Moderate-Value Customers
13328.0,316,1,1308.48,1308.48,1,At-Risk / Low-Value Customers
13329.0,32,2,789.0,789.0,0,Regular / Moderate-Value Customers
13330.0,93,3,1140.93,1140.93,0,Regular / Moderate-Value Customers
13332.0,14,1,350.9,350.9,0,Regular / Moderate-Value Customers
13334.0,82,3,3502.32,3502.32,0,Regular / Moderate-Value Customers
13336.0,77,1,795.12,795.12,0,Regular / Moderate-Value Customers
13338.0,158,1,487.02,487.02,1,At-Risk / Low-Value Customers
13339.0,201,1,860.12,860.12,1,At-Risk / Low-Value Customers
13340.0,45,7,10736.48,10736.48,0,Regular / Moderate-Value Customers
13341.0,261,1,775.85,775.85,1,At-Risk / Low-Value Customers
13343.0,178,1,353.43,353.43,1,At-Risk / Low-Value Customers
13344.0,68,3,2511.69,2511.69,0,Regular / Moderate-Value Customers
13345.0,288,1,389.5,389.5,1,At-Risk / Low-Value Customers
13347.0,70,1,341.36,341.36,0,Regular / Moderate-Value Customers
13348.0,64,1,233.76,233.76,0,Regular / Moderate-Value Customers
13349.0,11,1,247.32,247.32,0,Regular / Moderate-Value Customers
13350.0,16,2,979.12,979.12,0,Regular / Moderate-Value Customers
13351.0,66,1,373.94,373.94,0,Regular / Moderate-Value Customers
13352.0,60,1,397.97999999999996,397.97999999999996,0,Regular / Moderate-Value Customers
13354.0,71,1,743.53,743.53,0,Regular / Moderate-Value Customers
13355.0,122,1,674.7,674.7,0,Regular / Moderate-Value Customers
13356.0,80,1,768.24,768.24,0,Regular / Moderate-Value Customers
13357.0,257,1,609.4,609.4,1,At-Risk / Low-Value Customers
13358.0,269,1,439.03,439.03,1,At-Risk / Low-Value Customers
13359.0,64,1,439.56,439.56,0,Regular / Moderate-Value Customers
13362.0,9,4,3090.7400000000002,3090.7400000000002,0,Regular / Moderate-Value Customers
13363.0,18,2,992.5,992.5,0,Regular / Moderate-Value Customers
13364.0,71,1,134.95999999999998,134.95999999999998,0,Regular / Moderate-Value Customers
13365.0,34,2,2225.37,2225.37,0,Regular / Moderate-Value Customers
13366.0,50,1,56.160000000000004,56.160000000000004,0,Regular / Moderate-Value Customers
13368.0,257,2,623.4,623.4,1,At-Risk / Low-Value Customers
13369.0,366,1,308.28000000000003,308.28000000000003,1,At-Risk / Low-Value Customers
13370.0,372,1,754.87,754.87,1,At-Risk / Low-Value Customers
13372.0,90,1,378.64,378.64,0,Regular / Moderate-Value Customers
13373.0,61,3,3312.25,3312.25,0,Regular / Moderate-Value Customers
13375.0,89,1,778.65,778.65,0,Regular / Moderate-Value Customers
13376.0,99,3,1019.76,1019.76,0,Regular / Moderate-Value Customers
13379.0,26,3,572.56,572.56,0,Regular / Moderate-Value Customers
13381.0,32,6,3639.31,3639.31,0,Regular / Moderate-Value Customers
13382.0,281,1,222.99,222.99,1,At-Risk / Low-Value Customers
13384.0,31,7,4151.93,4151.93,0,Regular / Moderate-Value Customers
13385.0,330,1,534.57,534.57,1,At-Risk / Low-Value Customers
13388.0,131,2,677.1,677.1,0,Regular / Moderate-Value Customers
13389.0,11,3,797.96,797.96,0,Regular / Moderate-Value Customers
13390.0,75,1,544.08,544.08,0,Regular / Moderate-Value Customers
13391.0,204,1,59.8,59.8,1,At-Risk / Low-Value Customers
13394.0,2,8,2520.02,2520.02,0,Regular / Moderate-Value Customers
13395.0,185,1,307.72,307.72,1,At-Risk / Low-Value Customers
13396.0,29,2,1360.99,1360.99,0,Regular / Moderate-Value Customers
13397.0,73,5,1544.13,1544.13,0,Regular / Moderate-Value Customers
13398.0,192,1,457.34,457.34,1,At-Risk / Low-Value Customers
13402.0,127,2,621.23,621.23,0,Regular / Moderate-Value Customers
13403.0,18,1,75.0,75.0,0,Regular / Moderate-Value Customers
13404.0,1,2,252.49,252.49,0,Regular / Moderate-Value Customers
13405.0,74,3,572.451,572.451,0,Regular / Moderate-Value Customers
13408.0,2,62,28117.04,28117.04,3,Loyal / Valuable Customers
13410.0,24,5,1003.06,1003.06,0,Regular / Moderate-Value Customers
13411.0,107,1,213.55,213.55,0,Regular / Moderate-Value Customers
13414.0,134,3,1390.5,1390.5,0,Regular / Moderate-Value Customers
13416.0,44,2,712.5,712.5,0,Regular / Moderate-Value Customers
13417.0,5,2,640.83,640.83,0,Regular / Moderate-Value Customers
13418.0,12,18,6127.43,6127.43,3,Loyal / Valuable Customers
13419.0,64,1,221.06,221.06,0,Regular / Moderate-Value Customers
13420.0,150,2,159.85,159.85,1,At-Risk / Low-Value Customers
13421.0,40,2,1833.71,1833.71,0,Regular / Moderate-Value Customers
13422.0,64,1,2626.3,2626.3,0,Regular / Moderate-Value Customers
13425.0,108,3,1624.21,1624.21,0,Regular / Moderate-Value Customers
13426.0,1,10,3641.32,3641.32,0,Regular / Moderate-Value Customers
13427.0,19,3,582.6,582.6,0,Regular / Moderate-Value Customers
13428.0,10,1,201.78,201.78,0,Regular / Moderate-Value Customers
13429.0,11,4,1006.8,1006.8,0,Regular / Moderate-Value Customers
13430.0,19,2,679.45,679.45,0,Regular / Moderate-Value Customers
13431.0,67,2,1269.1,1269.1,0,Regular / Moderate-Value Customers
13434.0,74,2,534.24,534.24,0,Regular / Moderate-Value Customers
13435.0,5,7,3809.8900000000003,3809.8900000000003,0,Regular / Moderate-Value Customers
13436.0,2,1,196.89,196.89,0,Regular / Moderate-Value Customers
13437.0,14,7,3408.06,3408.06,0,Regular / Moderate-Value Customers
13439.0,255,1,283.71,283.71,1,At-Risk / Low-Value Customers
13441.0,92,1,296.64,296.64,0,Regular / Moderate-Value Customers
13447.0,23,3,1129.14,1129.14,0,Regular / Moderate-Value Customers
13448.0,17,6,3534.69,3534.69,0,Regular / Moderate-Value Customers
13449.0,24,1,291.88,291.88,0,Regular / Moderate-Value Customers
13450.0,27,6,2043.7199999999998,2043.7199999999998,0,Regular / Moderate-Value Customers
13451.0,26,5,2898.2599999999998,2898.2599999999998,0,Regular / Moderate-Value Customers
13452.0,259,2,590.0,590.0,1,At-Risk / Low-Value Customers
13453.0,166,2,356.97999999999996,356.97999999999996,1,At-Risk / Low-Value Customers
13455.0,25,2,1058.34,1058.34,0,Regular / Moderate-Value Customers
13456.0,18,6,1766.72,1766.72,0,Regular / Moderate-Value Customers
13458.0,7,14,9646.57,9646.57,3,Loyal / Valuable Customers
13460.0,29,2,183.44,183.44,0,Regular / Moderate-Value Customers
13461.0,39,3,1445.0,1445.0,0,Regular / Moderate-Value Customers
13462.0,253,1,151.5,151.5,1,At-Risk / Low-Value Customers
13464.0,58,1,674.68,674.68,0,Regular / Moderate-Value Customers
13466.0,184,1,307.9,307.9,1,At-Risk / Low-Value Customers
13467.0,11,2,1071.91,1071.91,0,Regular / Moderate-Value Customers
13468.0,2,37,5704.97,5704.97,3,Loyal / Valuable Customers
13470.0,99,2,165.0,165.0,0,Regular / Moderate-Value Customers
13471.0,1,4,2501.84,2501.84,0,Regular / Moderate-Value Customers
13473.0,61,2,422.64,422.64,0,Regular / Moderate-Value Customers
13474.0,236,1,226.84,226.84,1,At-Risk / Low-Value Customers
13475.0,191,4,1431.78,1431.78,1,At-Risk / Low-Value Customers
13476.0,179,2,1238.47,1238.47,1,At-Risk / Low-Value Customers
13477.0,38,6,1454.58,1454.58,0,Regular / Moderate-Value Customers
13479.0,201,2,300.95,300.95,1,At-Risk / Low-Value Customers
13481.0,46,5,1804.56,1804.56,0,Regular / Moderate-Value Customers
13482.0,232,1,184.64,184.64,1,At-Risk / Low-Value Customers
13483.0,66,1,140.34,140.34,0,Regular / Moderate-Value Customers
13484.0,241,1,313.8,313.8,1,At-Risk / Low-Value Customers
13485.0,233,1,454.24,454.24,1,At-Risk / Low-Value Customers
13486.0,78,3,1122.41,1122.41,0,Regular / Moderate-Value Customers
13487.0,58,3,575.4,575.4,0,Regular / Moderate-Value Customers
13488.0,17,13,8968.31,8968.31,3,Loyal / Valuable Customers
13489.0,105,4,449.52,449.52,0,Regular / Moderate-Value Customers
13491.0,52,10,1215.82,1215.82,0,Regular / Moderate-Value Customers
13492.0,136,3,1269.84,1269.84,0,Regular / Moderate-Value Customers
13493.0,275,2,618.63,618.63,1,At-Risk / Low-Value Customers
13494.0,312,1,316.26000000000005,316.26000000000005,1,At-Risk / Low-Value Customers
13495.0,8,5,2044.8700000000001,2044.8700000000001,0,Regular / Moderate-Value Customers
13496.0,11,2,653.33,653.33,0,Regular / Moderate-Value Customers
13497.0,283,2,348.05,348.05,1,At-Risk / Low-Value Customers
13499.0,18,5,1159.11,1159.11,0,Regular / Moderate-Value Customers
13500.0,23,3,1166.77,1166.77,0,Regular / Moderate-Value Customers
13501.0,288,1,1340.32,1340.32,1,At-Risk / Low-Value Customers
13502.0,17,3,292.0,292.0,0,Regular / Moderate-Value Customers
13503.0,71,1,216.85,216.85,0,Regular / Moderate-Value Customers
13504.0,64,1,295.93,295.93,0,Regular / Moderate-Value Customers
13505.0,73,4,4393.63,4393.63,0,Regular / Moderate-Value Customers
13506.0,316,2,458.52,458.52,1,At-Risk / Low-Value Customers
13507.0,3,4,2479.16,2479.16,0,Regular / Moderate-Value Customers
13508.0,244,1,110.97,110.97,1,At-Risk / Low-Value Customers
13509.0,9,7,979.72,979.72,0,Regular / Moderate-Value Customers
13510.0,1,4,1791.56,1791.56,0,Regular / Moderate-Value Customers
13512.0,261,1,251.21,251.21,1,At-Risk / Low-Value Customers
13513.0,127,1,205.1,205.1,0,Regular / Moderate-Value Customers
13514.0,74,1,152.20000000000002,152.20000000000002,0,Regular / Moderate-Value Customers
13515.0,73,4,891.12,891.12,0,Regular / Moderate-Value Customers
13516.0,21,3,1389.41,1389.41,0,Regular / Moderate-Value Customers
13517.0,60,3,2128.42,2128.42,0,Regular / Moderate-Value Customers
13518.0,86,1,627.16,627.16,0,Regular / Moderate-Value Customers
13519.0,78,1,122.75,122.75,0,Regular / Moderate-Value Customers
13520.0,59,6,3624.35,3624.35,0,Regular / Moderate-Value Customers
13521.0,1,3,1071.73,1071.73,0,Regular / Moderate-Value Customers
13522.0,30,1,125.80000000000001,125.80000000000001,0,Regular / Moderate-Value Customers
13523.0,33,5,3964.88,3964.88,0,Regular / Moderate-Value Customers
13524.0,41,5,680.1800000000001,680.1800000000001,0,Regular / Moderate-Value Customers
13525.0,15,2,628.78,628.78,0,Regular / Moderate-Value Customers
13527.0,34,7,2242.36,2242.36,0,Regular / Moderate-Value Customers
13529.0,79,2,307.76,307.76,0,Regular / Moderate-Value Customers
13531.0,205,2,483.8,483.8,1,At-Risk / Low-Value Customers
13532.0,34,1,210.31,210.31,0,Regular / Moderate-Value Customers
13533.0,183,3,269.09,269.09,1,At-Risk / Low-Value Customers
13534.0,2,25,5870.08,5870.08,3,Loyal / Valuable Customers
13536.0,1,7,3444.39,3444.39,0,Regular / Moderate-Value Customers
13538.0,43,7,1280.85,1280.85,0,Regular / Moderate-Value Customers
13539.0,86,3,631.34,631.34,0,Regular / Moderate-Value Customers
13544.0,40,2,276.06,276.06,0,Regular / Moderate-Value Customers
13546.0,12,3,621.09,621.09,0,Regular / Moderate-Value Customers
13548.0,96,2,678.16,678.16,0,Regular / Moderate-Value Customers
13549.0,26,7,918.2,918.2,0,Regular / Moderate-Value Customers
13551.0,319,1,91.80000000000001,91.80000000000001,1,At-Risk / Low-Value Customers
13552.0,66,12,3740.07,3740.07,0,Regular / Moderate-Value Customers
13555.0,74,4,4098.88,4098.88,0,Regular / Moderate-Value Customers
13557.0,28,2,584.06,584.06,0,Regular / Moderate-Value Customers
13558.0,6,4,594.52,594.52,0,Regular / Moderate-Value Customers
13560.0,7,1,171.42000000000002,171.42000000000002,0,Regular / Moderate-Value Customers
13561.0,216,1,141.85999999999999,141.85999999999999,1,At-Risk / Low-Value Customers
13562.0,82,3,1799.33,1799.33,0,Regular / Moderate-Value Customers
13563.0,84,2,777.53,777.53,0,Regular / Moderate-Value Customers
13564.0,144,3,1724.67,1724.67,0,Regular / Moderate-Value Customers
13565.0,19,2,240.22,240.22,0,Regular / Moderate-Value Customers
13566.0,41,2,856.84,856.84,0,Regular / Moderate-Value Customers
13568.0,173,1,187.05,187.05,1,At-Risk / Low-Value Customers
13569.0,17,2,338.62,338.62,0,Regular / Moderate-Value Customers
13570.0,243,1,239.49,239.49,1,At-Risk / Low-Value Customers
13571.0,13,12,2088.94,2088.94,0,Regular / Moderate-Value Customers
13572.0,206,1,1384.25,1384.25,1,At-Risk / Low-Value Customers
13573.0,50,2,290.25,290.25,0,Regular / Moderate-Value Customers
13575.0,23,5,732.0699999999999,732.0699999999999,0,Regular / Moderate-Value Customers
13576.0,10,18,6717.34,6717.34,3,Loyal / Valuable Customers
13577.0,25,4,1687.6000000000001,1687.6000000000001,0,Regular / Moderate-Value Customers
13579.0,15,2,467.04,467.04,0,Regular / Moderate-Value Customers
13581.0,309,1,118.0,118.0,1,At-Risk / Low-Value Customers
13583.0,156,1,781.03,781.03,1,At-Risk / Low-Value Customers
13584.0,307,1,142.4,142.4,1,At-Risk / Low-Value Customers
13587.0,64,1,712.4,712.4,0,Regular / Moderate-Value Customers
13588.0,16,9,2478.95,2478.95,0,Regular / Moderate-Value Customers
13589.0,15,2,379.65,379.65,0,Regular / Moderate-Value Customers
13590.0,11,6,1981.92,1981.92,0,Regular / Moderate-Value Customers
13591.0,65,3,1117.13,1117.13,0,Regular / Moderate-Value Customers
13592.0,36,4,247.95999999999998,247.95999999999998,0,Regular / Moderate-Value Customers
13593.0,108,5,2011.88,2011.88,0,Regular / Moderate-Value Customers
13594.0,53,1,396.97,396.97,0,Regular / Moderate-Value Customers
13596.0,6,2,664.11,664.11,0,Regular / Moderate-Value Customers
13598.0,47,1,160.04,160.04,0,Regular / Moderate-Value Customers
13599.0,1,21,5149.92,5149.92,3,Loyal / Valuable Customers
13600.0,312,1,219.52,219.52,1,At-Risk / Low-Value Customers
13601.0,45,2,693.32,693.32,0,Regular / Moderate-Value Customers
13602.0,65,1,428.89,428.89,0,Regular / Moderate-Value Customers
13603.0,26,1,164.34,164.34,0,Regular / Moderate-Value Customers
13606.0,29,3,276.75,276.75,0,Regular / Moderate-Value Customers
13607.0,40,1,675.51,675.51,0,Regular / Moderate-Value Customers
13610.0,12,7,1082.33,1082.33,0,Regular / Moderate-Value Customers
13611.0,89,3,1154.4,1154.4,0,Regular / Moderate-Value Customers
13614.0,24,4,1585.46,1585.46,0,Regular / Moderate-Value Customers
13615.0,319,1,417.69,417.69,1,At-Risk / Low-Value Customers
13617.0,40,3,544.18,544.18,0,Regular / Moderate-Value Customers
13618.0,174,1,177.34,177.34,1,At-Risk / Low-Value Customers
13621.0,117,1,213.85,213.85,0,Regular / Moderate-Value Customers
13623.0,31,5,727.74,727.74,0,Regular / Moderate-Value Customers
13626.0,253,1,257.23,257.23,1,At-Risk / Low-Value Customers
13627.0,59,5,1638.47,1638.47,0,Regular / Moderate-Value Customers
13629.0,23,11,7792.36,7792.36,0,Regular / Moderate-Value Customers
13630.0,5,7,2031.78,2031.78,0,Regular / Moderate-Value Customers
13631.0,100,11,3070.42,3070.42,0,Regular / Moderate-Value Customers
13632.0,25,5,2118.93,2118.93,0,Regular / Moderate-Value Customers
13634.0,33,5,1547.3600000000001,1547.3600000000001,0,Regular / Moderate-Value Customers
13635.0,68,1,1071.03,1071.03,0,Regular / Moderate-Value Customers
13636.0,37,5,949.12,949.12,0,Regular / Moderate-Value Customers
13637.0,52,3,804.3,804.3,0,Regular / Moderate-Value Customers
13638.0,16,1,122.64,122.64,0,Regular / Moderate-Value Customers
13639.0,74,1,1033.34,1033.34,0,Regular / Moderate-Value Customers
13642.0,216,1,312.28,312.28,1,At-Risk / Low-Value Customers
13643.0,31,3,519.44,519.44,0,Regular / Moderate-Value Customers
13644.0,16,4,2624.26,2624.26,0,Regular / Moderate-Value Customers
13645.0,120,1,252.1,252.1,0,Regular / Moderate-Value Customers
13647.0,10,4,1648.1200000000001,1648.1200000000001,0,Regular / Moderate-Value Customers
13649.0,257,2,346.6,346.6,1,At-Risk / Low-Value Customers
13650.0,17,6,1836.34,1836.34,0,Regular / Moderate-Value Customers
13651.0,35,2,94.2,94.2,0,Regular / Moderate-Value Customers
13652.0,46,3,1095.08,1095.08,0,Regular / Moderate-Value Customers
13654.0,43,6,2707.33,2707.33,0,Regular / Moderate-Value Customers
13655.0,114,2,932.97,932.97,0,Regular / Moderate-Value Customers
13656.0,165,2,379.65,379.65,1,At-Risk / Low-Value Customers
13657.0,11,2,382.14,382.14,0,Regular / Moderate-Value Customers
13658.0,10,5,2639.17,2639.17,0,Regular / Moderate-Value Customers
13659.0,206,2,1563.0,1563.0,1,At-Risk / Low-Value Customers
13662.0,86,3,881.26,881.26,0,Regular / Moderate-Value Customers
13663.0,179,1,189.47,189.47,1,At-Risk / Low-Value Customers
13666.0,60,3,84.65,84.65,0,Regular / Moderate-Value Customers
13667.0,149,1,299.05,299.05,1,At-Risk / Low-Value Customers
13668.0,3,21,6309.83,6309.83,3,Loyal / Valuable Customers
13669.0,51,2,218.55,218.55,0,Regular / Moderate-Value Customers
13670.0,75,1,349.7,349.7,0,Regular / Moderate-Value Customers
13672.0,301,2,186.39000000000001,186.39000000000001,1,At-Risk / Low-Value Customers
13673.0,19,2,387.44,387.44,0,Regular / Moderate-Value Customers
13675.0,151,2,486.82000000000005,486.82000000000005,1,At-Risk / Low-Value Customers
13678.0,152,1,232.6,232.6,1,At-Risk / Low-Value Customers
13680.0,1,4,3719.12,3719.12,0,Regular / Moderate-Value Customers
13681.0,18,4,827.83,827.83,0,Regular / Moderate-Value Customers
13682.0,187,1,59.5,59.5,1,At-Risk / Low-Value Customers
13684.0,286,1,65.13,65.13,1,At-Risk / Low-Value Customers
13685.0,3,7,3119.44,3119.44,0,Regular / Moderate-Value Customers
13686.0,183,1,72.0,72.0,1,At-Risk / Low-Value Customers
13689.0,63,1,910.0,910.0,0,Regular / Moderate-Value Customers
13690.0,59,1,172.25,172.25,0,Regular / Moderate-Value Customers
13692.0,25,3,1488.32,1488.32,0,Regular / Moderate-Value Customers
13694.0,4,50,65039.62,65039.62,3,Loyal / Valuable Customers
13695.0,31,15,2504.13,2504.13,0,Regular / Moderate-Value Customers
13697.0,39,1,151.29999999999998,151.29999999999998,0,Regular / Moderate-Value Customers
13699.0,155,1,308.58000000000004,308.58000000000004,1,At-Risk / Low-Value Customers
13700.0,26,10,2248.63,2248.63,0,Regular / Moderate-Value Customers
13703.0,318,1,99.5,99.5,1,At-Risk / Low-Value Customers
13704.0,5,9,2308.06,2308.06,0,Regular / Moderate-Value Customers
13705.0,8,3,711.86,711.86,0,Regular / Moderate-Value Customers
13706.0,303,1,330.79,330.79,1,At-Risk / Low-Value Customers
13707.0,267,2,806.41,806.41,1,At-Risk / Low-Value Customers
13708.0,271,1,285.33,285.33,1,At-Risk / Low-Value Customers
13709.0,4,13,6307.650000000001,6307.650000000001,0,Regular / Moderate-Value Customers
13710.0,32,1,180.48,180.48,0,Regular / Moderate-Value Customers
13711.0,219,2,252.06,252.06,1,At-Risk / Low-Value Customers
13712.0,247,1,228.84,228.84,1,At-Risk / Low-Value Customers
13715.0,281,5,1077.39,1077.39,1,At-Risk / Low-Value Customers
13716.0,269,1,138.28,138.28,1,At-Risk / Low-Value Customers
13717.0,32,6,1445.01,1445.01,0,Regular / Moderate-Value Customers
13718.0,246,2,306.55,306.55,1,At-Risk / Low-Value Customers
13719.0,15,5,1041.68,1041.68,0,Regular / Moderate-Value Customers
13720.0,117,4,799.9,799.9,0,Regular / Moderate-Value Customers
13721.0,36,1,524.14,524.14,0,Regular / Moderate-Value Customers
13722.0,132,3,2375.41,2375.41,0,Regular / Moderate-Value Customers
13723.0,217,1,199.85000000000002,199.85000000000002,1,At-Risk / Low-Value Customers
13725.0,50,8,1980.56,1980.56,0,Regular / Moderate-Value Customers
13726.0,39,2,1079.6599999999999,1079.6599999999999,0,Regular / Moderate-Value Customers
13727.0,29,2,333.48,333.48,0,Regular / Moderate-Value Customers
13728.0,37,6,1016.14,1016.14,0,Regular / Moderate-Value Customers
13730.0,136,2,752.6,752.6,0,Regular / Moderate-Value Customers
13731.0,219,2,610.59,610.59,1,At-Risk / Low-Value Customers
13732.0,28,1,491.86,491.86,0,Regular / Moderate-Value Customers
13735.0,25,4,2883.54,2883.54,0,Regular / Moderate-Value Customers
13736.0,5,2,729.8,729.8,0,Regular / Moderate-Value Customers
13737.0,200,1,339.59999999999997,339.59999999999997,1,At-Risk / Low-Value Customers
13739.0,18,1,216.9,216.9,0,Regular / Moderate-Value Customers
13740.0,241,1,350.75,350.75,1,At-Risk / Low-Value Customers
13741.0,72,3,668.4300000000001,668.4300000000001,0,Regular / Moderate-Value Customers
13742.0,17,12,3107.87,3107.87,0,Regular / Moderate-Value Customers
13743.0,3,7,1341.6,1341.6,0,Regular / Moderate-Value Customers
13744.0,95,2,1080.52,1080.52,0,Regular / Moderate-Value Customers
13745.0,162,1,300.04,300.04,1,At-Risk / Low-Value Customers
13747.0,374,1,79.6,79.6,1,At-Risk / Low-Value Customers
13748.0,96,5,948.25,948.25,0,Regular / Moderate-Value Customers
13750.0,54,5,1647.26,1647.26,0,Regular / Moderate-Value Customers
13751.0,288,1,296.25,296.25,1,At-Risk / Low-Value Customers
13752.0,124,6,1175.38,1175.38,0,Regular / Moderate-Value Customers
13753.0,288,1,741.26,741.26,1,At-Risk / Low-Value Customers
13754.0,152,2,282.59999999999997,282.59999999999997,1,At-Risk / Low-Value Customers
13755.0,4,9,2108.06,2108.06,0,Regular / Moderate-Value Customers
13756.0,2,14,5189.52,5189.52,3,Loyal / Valuable Customers
13758.0,12,7,3190.55,3190.55,0,Regular / Moderate-Value Customers
13759.0,33,2,659.4100000000001,659.4100000000001,0,Regular / Moderate-Value Customers
13760.0,54,2,286.79,286.79,0,Regular / Moderate-Value Customers
13761.0,50,2,1070.65,1070.65,0,Regular / Moderate-Value Customers
13762.0,219,1,306.72,306.72,1,At-Risk / Low-Value Customers
13763.0,63,1,1714.96,1714.96,0,Regular / Moderate-Value Customers
13764.0,71,3,1519.42,1519.42,0,Regular / Moderate-Value Customers
13767.0,2,37,17220.36,17220.36,3,Loyal / Valuable Customers
13769.0,2,10,2796.51,2796.51,0,Regular / Moderate-Value Customers
13771.0,64,4,2634.45,2634.45,0,Regular / Moderate-Value Customers
13772.0,34,3,1122.63,1122.63,0,Regular / Moderate-Value Customers
13774.0,82,1,345.0,345.0,0,Regular / Moderate-Value Customers
13777.0,1,33,25977.16,25977.16,3,Loyal / Valuable Customers
13778.0,103,1,178.7,178.7,0,Regular / Moderate-Value Customers
13780.0,7,2,360.01,360.01,0,Regular / Moderate-Value Customers
13781.0,251,1,127.84,127.84,1,At-Risk / Low-Value Customers
13782.0,13,6,908.86,908.86,0,Regular / Moderate-Value Customers
13784.0,10,11,2462.79,2462.79,0,Regular / Moderate-Value Customers
13786.0,367,1,230.39999999999998,230.39999999999998,1,At-Risk / Low-Value Customers
13787.0,76,2,309.04,309.04,0,Regular / Moderate-Value Customers
13790.0,4,1,348.8,348.8,0,Regular / Moderate-Value Customers
13791.0,128,2,1516.0,1516.0,0,Regular / Moderate-Value Customers
13792.0,66,2,195.55,195.55,0,Regular / Moderate-Value Customers
13798.0,1,57,37153.85,37153.85,3,Loyal / Valuable Customers
13799.0,117,2,688.86,688.86,0,Regular / Moderate-Value Customers
13800.0,310,1,558.32,558.32,1,At-Risk / Low-Value Customers
13801.0,67,1,324.8,324.8,0,Regular / Moderate-Value Customers
13802.0,139,3,4599.42,4599.42,0,Regular / Moderate-Value Customers
13803.0,255,1,277.07,277.07,1,At-Risk / Low-Value Customers
13804.0,31,7,2588.39,2588.39,0,Regular / Moderate-Value Customers
13805.0,52,2,924.6,924.6,0,Regular / Moderate-Value Customers
13806.0,64,1,256.38,256.38,0,Regular / Moderate-Value Customers
13807.0,367,1,112.6,112.6,1,At-Risk / Low-Value Customers
13808.0,6,5,1747.66,1747.66,0,Regular / Moderate-Value Customers
13809.0,305,1,155.05,155.05,1,At-Risk / Low-Value Customers
13810.0,29,3,1499.01,1499.01,0,Regular / Moderate-Value Customers
13811.0,184,3,814.5,814.5,1,At-Risk / Low-Value Customers
13812.0,42,3,539.0,539.0,0,Regular / Moderate-Value Customers
13813.0,40,4,1366.8600000000001,1366.8600000000001,0,Regular / Moderate-Value Customers
13814.0,92,2,1579.12,1579.12,0,Regular / Moderate-Value Customers
13815.0,22,4,4027.36,4027.36,0,Regular / Moderate-Value Customers
13816.0,24,2,571.6700000000001,571.6700000000001,0,Regular / Moderate-Value Customers
13817.0,29,2,382.98,382.98,0,Regular / Moderate-Value Customers
13819.0,302,3,1140.35,1140.35,1,At-Risk / Low-Value Customers
13821.0,145,2,385.64,385.64,1,At-Risk / Low-Value Customers
13822.0,6,2,632.0,632.0,0,Regular / Moderate-Value Customers
13823.0,19,2,957.66,957.66,0,Regular / Moderate-Value Customers
13824.0,33,5,1698.94,1698.94,0,Regular / Moderate-Value Customers
13826.0,176,1,189.5,189.5,1,At-Risk / Low-Value Customers
13827.0,58,3,409.8,409.8,0,Regular / Moderate-Value Customers
13828.0,22,1,209.49,209.49,0,Regular / Moderate-Value Customers
13831.0,16,6,2198.45,2198.45,0,Regular / Moderate-Value Customers
13832.0,19,1,52.199999999999996,52.199999999999996,0,Regular / Moderate-Value Customers
13833.0,159,1,383.85,383.85,1,At-Risk / Low-Value Customers
13835.0,25,4,834.57,834.57,0,Regular / Moderate-Value Customers
13837.0,212,2,266.59000000000003,266.59000000000003,1,At-Risk / Low-Value Customers
13838.0,6,4,674.82,674.82,0,Regular / Moderate-Value Customers
13841.0,253,1,85.0,85.0,1,At-Risk / Low-Value Customers
13842.0,59,9,3385.62,3385.62,0,Regular / Moderate-Value Customers
13844.0,11,1,361.62,361.62,0,Regular / Moderate-Value Customers
13845.0,65,1,312.98,312.98,0,Regular / Moderate-Value Customers
13846.0,25,3,865.0600000000001,865.0600000000001,0,Regular / Moderate-Value Customers
13848.0,92,3,1255.0,1255.0,0,Regular / Moderate-Value Customers
13849.0,52,2,1537.95,1537.95,0,Regular / Moderate-Value Customers
13850.0,129,1,1595.48,1595.48,0,Regular / Moderate-Value Customers
13851.0,96,3,2651.46,2651.46,0,Regular / Moderate-Value Customers
13853.0,57,1,1090.14,1090.14,0,Regular / Moderate-Value Customers
13854.0,9,25,8109.5199999999995,8109.5199999999995,3,Loyal / Valuable Customers
13856.0,169,3,388.5,388.5,1,At-Risk / Low-Value Customers
13858.0,57,1,216.17,216.17,0,Regular / Moderate-Value Customers
13859.0,326,1,201.16,201.16,1,At-Risk / Low-Value Customers
13860.0,1,5,1245.9,1245.9,0,Regular / Moderate-Value Customers
13862.0,18,8,2209.36,2209.36,0,Regular / Moderate-Value Customers
13863.0,248,1,305.78,305.78,1,At-Risk / Low-Value Customers
13865.0,58,4,501.56,501.56,0,Regular / Moderate-Value Customers
13866.0,74,1,145.67000000000002,145.67000000000002,0,Regular / Moderate-Value Customers
13867.0,31,3,1005.09,1005.09,0,Regular / Moderate-Value Customers
13868.0,7,2,3192.54,3192.54,0,Regular / Moderate-Value Customers
13869.0,123,4,3083.65,3083.65,0,Regular / Moderate-Value Customers
13870.0,2,8,2770.94,2770.94,0,Regular / Moderate-Value Customers
13871.0,23,13,6403.25,6403.25,0,Regular / Moderate-Value Customers
13873.0,120,3,389.6,389.6,0,Regular / Moderate-Value Customers
13874.0,358,1,540.45,540.45,1,At-Risk / Low-Value Customers
13875.0,54,5,1786.79,1786.79,0,Regular / Moderate-Value Customers
13876.0,64,1,122.7,122.7,0,Regular / Moderate-Value Customers
13877.0,86,1,117.24,117.24,0,Regular / Moderate-Value Customers
13878.0,55,1,1271.57,1271.57,0,Regular / Moderate-Value Customers
13880.0,21,13,3219.77,3219.77,0,Regular / Moderate-Value Customers
13881.0,4,20,17159.52,17159.52,3,Loyal / Valuable Customers
13882.0,3,5,1191.13,1191.13,0,Regular / Moderate-Value Customers
13883.0,11,5,2674.48,2674.48,0,Regular / Moderate-Value Customers
13884.0,7,5,787.6,787.6,0,Regular / Moderate-Value Customers
13885.0,189,2,506.8,506.8,1,At-Risk / Low-Value Customers
13886.0,71,1,243.56,243.56,0,Regular / Moderate-Value Customers
13887.0,204,1,349.55,349.55,1,At-Risk / Low-Value Customers
13888.0,120,2,595.67,595.67,0,Regular / Moderate-Value Customers
13889.0,93,1,416.90000000000003,416.90000000000003,0,Regular / Moderate-Value Customers
13890.0,1,10,1883.8100000000002,1883.8100000000002,0,Regular / Moderate-Value Customers
13892.0,27,4,632.97,632.97,0,Regular / Moderate-Value Customers
13893.0,298,1,821.1,821.1,1,At-Risk / Low-Value Customers
13894.0,24,3,564.62,564.62,0,Regular / Moderate-Value Customers
13895.0,28,4,2593.07,2593.07,0,Regular / Moderate-Value Customers
13897.0,50,1,311.16,311.16,0,Regular / Moderate-Value Customers
13898.0,326,1,155.93,155.93,1,At-Risk / Low-Value Customers
13899.0,16,2,388.52,388.52,0,Regular / Moderate-Value Customers
13900.0,183,3,740.95,740.95,1,At-Risk / Low-Value Customers
13901.0,72,5,2867.2,2867.2,0,Regular / Moderate-Value Customers
13904.0,37,2,332.64,332.64,0,Regular / Moderate-Value Customers
13908.0,80,4,2369.55,2369.55,0,Regular / Moderate-Value Customers
13911.0,57,9,2580.91,2580.91,0,Regular / Moderate-Value Customers
13914.0,12,2,626.45,626.45,0,Regular / Moderate-Value Customers
13917.0,50,2,272.04,272.04,0,Regular / Moderate-Value Customers
13918.0,50,2,1212.8400000000001,1212.8400000000001,0,Regular / Moderate-Value Customers
13919.0,59,2,384.81,384.81,0,Regular / Moderate-Value Customers
13922.0,352,1,172.25,172.25,1,At-Risk / Low-Value Customers
13923.0,54,1,351.13,351.13,0,Regular / Moderate-Value Customers
13924.0,2,6,1838.8500000000001,1838.8500000000001,0,Regular / Moderate-Value Customers
13925.0,93,4,678.25,678.25,0,Regular / Moderate-Value Customers
13926.0,23,1,223.85000000000002,223.85000000000002,0,Regular / Moderate-Value Customers
13927.0,75,1,348.99,348.99,0,Regular / Moderate-Value Customers
13928.0,11,4,464.57,464.57,0,Regular / Moderate-Value Customers
13929.0,169,2,842.65,842.65,1,At-Risk / Low-Value Customers
13930.0,58,2,337.34,337.34,0,Regular / Moderate-Value Customers
13931.0,96,2,1237.53,1237.53,0,Regular / Moderate-Value Customers
13932.0,295,1,307.4,307.4,1,At-Risk / Low-Value Customers
13933.0,109,2,608.7900000000001,608.7900000000001,0,Regular / Moderate-Value Customers
13934.0,264,1,922.1,922.1,1,At-Risk / Low-Value Customers
13936.0,180,1,376.58,376.58,1,At-Risk / Low-Value Customers
13937.0,169,1,158.85,158.85,1,At-Risk / Low-Value Customers
13938.0,35,1,71.66,71.66,0,Regular / Moderate-Value Customers
13939.0,23,3,568.55,568.55,0,Regular / Moderate-Value Customers
13940.0,17,4,839.14,839.14,0,Regular / Moderate-Value Customers
13941.0,22,5,5112.96,5112.96,0,Regular / Moderate-Value Customers
13946.0,79,3,561.5699999999999,561.5699999999999,0,Regular / Moderate-Value Customers
13947.0,65,1,90.6,90.6,0,Regular / Moderate-Value Customers
13948.0,361,1,102.0,102.0,1,At-Risk / Low-Value Customers
13949.0,3,6,2427.32,2427.32,0,Regular / Moderate-Value Customers
13950.0,11,4,745.06,745.06,0,Regular / Moderate-Value Customers
13951.0,176,3,674.45,674.45,1,At-Risk / Low-Value Customers
13952.0,218,2,3251.071,3251.071,1,At-Risk / Low-Value Customers
13953.0,7,7,3515.68,3515.68,0,Regular / Moderate-Value Customers
13954.0,2,2,439.92,439.92,0,Regular / Moderate-Value Customers
13955.0,154,2,322.96,322.96,1,At-Risk / Low-Value Customers
13956.0,5,5,1019.27,1019.27,0,Regular / Moderate-Value Customers
13959.0,79,3,594.04,594.04,0,Regular / Moderate-Value Customers
13960.0,21,2,230.22,230.22,0,Regular / Moderate-Value Customers
13962.0,22,2,169.55,169.55,0,Regular / Moderate-Value Customers
13963.0,308,4,664.54,664.54,1,At-Risk / Low-Value Customers
13967.0,146,1,80.7,80.7,1,At-Risk / Low-Value Customers
13969.0,7,18,9024.17,9024.17,3,Loyal / Valuable Customers
13971.0,19,8,2758.26,2758.26,0,Regular / Moderate-Value Customers
13972.0,71,2,190.25,190.25,0,Regular / Moderate-Value Customers
13973.0,287,1,264.7,264.7,1,At-Risk / Low-Value Customers
13974.0,49,1,413.59000000000003,413.59000000000003,0,Regular / Moderate-Value Customers
13975.0,31,6,2461.2400000000002,2461.2400000000002,0,Regular / Moderate-Value Customers
13976.0,207,1,357.98,357.98,1,At-Risk / Low-Value Customers
13978.0,15,2,196.79000000000002,196.79000000000002,0,Regular / Moderate-Value Customers
13979.0,73,1,869.87,869.87,0,Regular / Moderate-Value Customers
13980.0,60,1,200.14,200.14,0,Regular / Moderate-Value Customers
13982.0,39,4,1871.81,1871.81,0,Regular / Moderate-Value Customers
13983.0,30,12,2603.43,2603.43,0,Regular / Moderate-Value Customers
13984.0,27,5,920.51,920.51,0,Regular / Moderate-Value Customers
13985.0,4,15,7060.13,7060.13,3,Loyal / Valuable Customers
13986.0,17,1,320.46,320.46,0,Regular / Moderate-Value Customers
13988.0,20,6,4147.96,4147.96,0,Regular / Moderate-Value Customers
13989.0,66,2,1266.08,1266.08,0,Regular / Moderate-Value Customers
13990.0,213,1,311.3,311.3,1,At-Risk / Low-Value Customers
13991.0,12,6,852.88,852.88,0,Regular / Moderate-Value Customers
13992.0,30,1,76.8,76.8,0,Regular / Moderate-Value Customers
13993.0,43,9,3466.36,3466.36,0,Regular / Moderate-Value Customers
13994.0,4,6,2274.14,2274.14,0,Regular / Moderate-Value Customers
13995.0,15,5,1393.69,1393.69,0,Regular / Moderate-Value Customers
13999.0,10,12,3901.81,3901.81,0,Regular / Moderate-Value Customers
14000.0,211,1,635.66,635.66,1,At-Risk / Low-Value Customers
14001.0,46,3,2043.0800000000002,2043.0800000000002,0,Regular / Moderate-Value Customers
14002.0,134,2,529.73,529.73,0,Regular / Moderate-Value Customers
14004.0,43,7,4582.64,4582.64,0,Regular / Moderate-Value Customers
14005.0,10,5,2874.72,2874.72,0,Regular / Moderate-Value Customers
14006.0,116,3,962.19,962.19,0,Regular / Moderate-Value Customers
14009.0,198,2,695.61,695.61,1,At-Risk / Low-Value Customers
14012.0,278,1,328.8,328.8,1,At-Risk / Low-Value Customers
14013.0,110,3,473.02,473.02,0,Regular / Moderate-Value Customers
14014.0,77,1,505.18,505.18,0,Regular / Moderate-Value Customers
14015.0,53,1,917.34,917.34,0,Regular / Moderate-Value Customers
14016.0,162,4,4341.21,4341.21,1,At-Risk / Low-Value Customers
14019.0,47,3,1421.61,1421.61,0,Regular / Moderate-Value Customers
14020.0,17,2,642.8,642.8,0,Regular / Moderate-Value Customers
14021.0,155,3,631.9,631.9,1,At-Risk / Low-Value Customers
14022.0,225,1,440.0,440.0,1,At-Risk / Low-Value Customers
14023.0,7,2,584.07,584.07,0,Regular / Moderate-Value Customers
14024.0,122,2,327.7,327.7,0,Regular / Moderate-Value Customers
14027.0,61,1,104.82,104.82,0,Regular / Moderate-Value Customers
14029.0,63,2,467.66,467.66,0,Regular / Moderate-Value Customers
14030.0,18,8,2358.84,2358.84,0,Regular / Moderate-Value Customers
14031.0,7,19,17286.86,17286.86,3,Loyal / Valuable Customers
14032.0,2,11,2975.59,2975.59,0,Regular / Moderate-Value Customers
14034.0,22,3,648.89,648.89,0,Regular / Moderate-Value Customers
14035.0,29,5,1428.02,1428.02,0,Regular / Moderate-Value Customers
14036.0,285,1,626.65,626.65,1,At-Risk / Low-Value Customers
14037.0,176,2,147.20000000000002,147.20000000000002,1,At-Risk / Low-Value Customers
14038.0,78,3,1560.38,1560.38,0,Regular / Moderate-Value Customers
14039.0,33,1,152.2,152.2,0,Regular / Moderate-Value Customers
14040.0,41,12,3560.32,3560.32,0,Regular / Moderate-Value Customers
14041.0,266,1,141.41,141.41,1,At-Risk / Low-Value Customers
14044.0,27,4,646.42,646.42,0,Regular / Moderate-Value Customers
14045.0,109,4,1659.75,1659.75,0,Regular / Moderate-Value Customers
14046.0,284,1,154.99,154.99,1,At-Risk / Low-Value Customers
14047.0,9,5,1308.6100000000001,1308.6100000000001,0,Regular / Moderate-Value Customers
14048.0,305,1,409.93,409.93,1,At-Risk / Low-Value Customers
14049.0,17,4,5578.72,5578.72,0,Regular / Moderate-Value Customers
14050.0,32,2,746.36,746.36,0,Regular / Moderate-Value Customers
14051.0,1,23,15610.390000000001,15610.390000000001,3,Loyal / Valuable Customers
14052.0,20,1,225.36,225.36,0,Regular / Moderate-Value Customers
14053.0,124,2,260.25,260.25,0,Regular / Moderate-Value Customers
14054.0,65,1,92.46,92.46,0,Regular / Moderate-Value Customers
14055.0,106,1,725.6400000000001,725.6400000000001,0,Regular / Moderate-Value Customers
14056.0,1,23,8152.71,8152.71,3,Loyal / Valuable Customers
14057.0,24,17,6211.66,6211.66,3,Loyal / Valuable Customers
14059.0,267,1,183.6,183.6,1,At-Risk / Low-Value Customers
14060.0,5,19,6140.42,6140.42,3,Loyal / Valuable Customers
14062.0,10,12,10464.85,10464.85,3,Loyal / Valuable Customers
14064.0,29,5,1334.34,1334.34,0,Regular / Moderate-Value Customers
14066.0,267,1,152.55,152.55,1,At-Risk / Low-Value Customers
14067.0,64,2,374.7,374.7,0,Regular / Moderate-Value Customers
14068.0,320,1,265.85,265.85,1,At-Risk / Low-Value Customers
14071.0,4,8,1437.57,1437.57,0,Regular / Moderate-Value Customers
14073.0,32,1,151.04,151.04,0,Regular / Moderate-Value Customers
14075.0,5,3,942.26,942.26,0,Regular / Moderate-Value Customers
14076.0,129,1,118.67,118.67,0,Regular / Moderate-Value Customers
14077.0,41,5,499.41999999999996,499.41999999999996,0,Regular / Moderate-Value Customers
14078.0,102,6,1049.37,1049.37,0,Regular / Moderate-Value Customers
14079.0,125,1,375.1,375.1,0,Regular / Moderate-Value Customers
14080.0,33,1,45.599999999999994,45.599999999999994,0,Regular / Moderate-Value Customers
14081.0,302,2,921.62,921.62,1,At-Risk / Low-Value Customers
14082.0,365,1,182.25,182.25,1,At-Risk / Low-Value Customers
14083.0,4,9,1002.9,1002.9,0,Regular / Moderate-Value Customers
14085.0,2,18,4421.29,4421.29,3,Loyal / Valuable Customers
14087.0,3,1,191.47,191.47,0,Regular / Moderate-Value Customers
14088.0,10,13,50491.81,50491.81,3,Loyal / Valuable Customers
14089.0,57,1,158.75,158.75,0,Regular / Moderate-Value Customers
14090.0,325,1,76.32000000000001,76.32000000000001,1,At-Risk / Low-Value Customers
14092.0,8,14,4076.91,4076.91,0,Regular / Moderate-Value Customers
14093.0,12,1,433.86,433.86,0,Regular / Moderate-Value Customers
14096.0,4,17,65164.79,65164.79,3,Loyal / Valuable Customers
14098.0,37,1,147.35,147.35,0,Regular / Moderate-Value Customers
14099.0,16,11,3104.17,3104.17,0,Regular / Moderate-Value Customers
14100.0,138,1,191.95000000000002,191.95000000000002,0,Regular / Moderate-Value Customers
14101.0,74,6,5976.79,5976.79,0,Regular / Moderate-Value Customers
14102.0,5,5,1105.8799999999999,1105.8799999999999,0,Regular / Moderate-Value Customers
14104.0,155,2,216.20999999999998,216.20999999999998,1,At-Risk / Low-Value Customers
14105.0,239,1,1266.23,1266.23,1,At-Risk / Low-Value Customers
14107.0,52,7,2703.23,2703.23,0,Regular / Moderate-Value Customers
14108.0,31,2,597.91,597.91,0,Regular / Moderate-Value Customers
14109.0,73,1,144.2,144.2,0,Regular / Moderate-Value Customers
14110.0,4,12,5683.15,5683.15,0,Regular / Moderate-Value Customers
14111.0,14,4,692.85,692.85,0,Regular / Moderate-Value Customers
14112.0,23,7,2915.15,2915.15,0,Regular / Moderate-Value Customers
14113.0,4,4,1840.42,1840.42,0,Regular / Moderate-Value Customers
14114.0,274,2,386.53,386.53,1,At-Risk / Low-Value Customers
14116.0,20,5,1382.74,1382.74,0,Regular / Moderate-Value Customers
14117.0,144,1,90.0,90.0,1,At-Risk / Low-Value Customers
14121.0,4,4,2780.15,2780.15,0,Regular / Moderate-Value Customers
14124.0,84,1,419.58000000000004,419.58000000000004,0,Regular / Moderate-Value Customers
14125.0,11,3,2720.63,2720.63,0,Regular / Moderate-Value Customers
14126.0,8,3,706.1300000000001,706.1300000000001,0,Regular / Moderate-Value Customers
14127.0,123,3,709.71,709.71,0,Regular / Moderate-Value Customers
14128.0,61,2,637.5,637.5,0,Regular / Moderate-Value Customers
14129.0,2,5,1123.8600000000001,1123.8600000000001,0,Regular / Moderate-Value Customers
14130.0,319,1,480.91,480.91,1,At-Risk / Low-Value Customers
14132.0,2,11,3586.0299999999997,3586.0299999999997,0,Regular / Moderate-Value Customers
14133.0,130,3,605.64,605.64,0,Regular / Moderate-Value Customers
14135.0,2,15,4690.31,4690.31,3,Loyal / Valuable Customers
14138.0,2,2,965.8800000000001,965.8800000000001,0,Regular / Moderate-Value Customers
14139.0,46,1,415.82,415.82,0,Regular / Moderate-Value Customers
14140.0,4,2,935.05,935.05,0,Regular / Moderate-Value Customers
14141.0,3,4,915.13,915.13,0,Regular / Moderate-Value Customers
14142.0,373,1,311.81,311.81,1,At-Risk / Low-Value Customers
14143.0,134,1,115.8,115.8,0,Regular / Moderate-Value Customers
14145.0,47,4,3742.2,3742.2,0,Regular / Moderate-Value Customers
14146.0,9,5,4191.0,4191.0,0,Regular / Moderate-Value Customers
14147.0,78,2,483.4,483.4,0,Regular / Moderate-Value Customers
14148.0,234,1,157.2,157.2,1,At-Risk / Low-Value Customers
14149.0,221,1,446.62,446.62,1,At-Risk / Low-Value Customers
14150.0,36,2,658.64,658.64,0,Regular / Moderate-Value Customers
14152.0,75,2,621.29,621.29,0,Regular / Moderate-Value Customers
14154.0,239,2,1345.62,1345.62,1,At-Risk / Low-Value Customers
14155.0,266,1,118.75,118.75,1,At-Risk / Low-Value Customers
14156.0,10,55,117210.08,117210.08,2,High-Value Customers
14157.0,20,2,424.89000000000004,424.89000000000004,0,Regular / Moderate-Value Customers
14158.0,40,1,507.66,507.66,0,Regular / Moderate-Value Customers
14159.0,20,11,4630.35,4630.35,0,Regular / Moderate-Value Customers
14161.0,216,3,1097.6200000000001,1097.6200000000001,1,At-Risk / Low-Value Customers
14162.0,174,2,289.36,289.36,1,At-Risk / Low-Value Customers
14163.0,87,4,2445.91,2445.91,0,Regular / Moderate-Value Customers
14164.0,71,2,1631.77,1631.77,0,Regular / Moderate-Value Customers
14165.0,276,1,120.44,120.44,1,At-Risk / Low-Value Customers
14167.0,39,4,562.59,562.59,0,Regular / Moderate-Value Customers
14171.0,98,1,363.79,363.79,0,Regular / Moderate-Value Customers
14173.0,11,4,450.84,450.84,0,Regular / Moderate-Value Customers
14174.0,33,1,134.46,134.46,0,Regular / Moderate-Value Customers
14175.0,60,3,3222.3,3222.3,0,Regular / Moderate-Value Customers
14176.0,297,4,576.9000000000001,576.9000000000001,1,At-Risk / Low-Value Customers
14177.0,86,4,549.46,549.46,0,Regular / Moderate-Value Customers
14178.0,9,7,1600.26,1600.26,0,Regular / Moderate-Value Customers
14179.0,41,2,701.57,701.57,0,Regular / Moderate-Value Customers
14180.0,11,25,4748.52,4748.52,3,Loyal / Valuable Customers
14184.0,67,1,452.89,452.89,0,Regular / Moderate-Value Customers
14185.0,331,1,197.65,197.65,1,At-Risk / Low-Value Customers
14188.0,31,6,2054.36,2054.36,0,Regular / Moderate-Value Customers
14189.0,2,15,4654.08,4654.08,3,Loyal / Valuable Customers
14191.0,2,13,4684.76,4684.76,0,Regular / Moderate-Value Customers
14193.0,68,2,853.39,853.39,0,Regular / Moderate-Value Customers
14194.0,5,21,11349.52,11349.52,3,Loyal / Valuable Customers
14195.0,202,2,1012.0,1012.0,1,At-Risk / Low-Value Customers
14196.0,107,1,335.52,335.52,0,Regular / Moderate-Value Customers
14198.0,18,4,701.4,701.4,0,Regular / Moderate-Value Customers
14199.0,218,1,185.39999999999998,185.39999999999998,1,At-Risk / Low-Value Customers
14201.0,60,7,747.44,747.44,0,Regular / Moderate-Value Customers
14204.0,2,1,150.61,150.61,0,Regular / Moderate-Value Customers
14205.0,17,2,466.7,466.7,0,Regular / Moderate-Value Customers
14206.0,239,1,328.15999999999997,328.15999999999997,1,At-Risk / Low-Value Customers
14208.0,95,1,151.74,151.74,0,Regular / Moderate-Value Customers
14209.0,11,6,2073.43,2073.43,0,Regular / Moderate-Value Customers
14210.0,106,6,1905.8400000000001,1905.8400000000001,0,Regular / Moderate-Value Customers
14211.0,53,9,2241.1,2241.1,0,Regular / Moderate-Value Customers
14212.0,90,1,1070.48,1070.48,0,Regular / Moderate-Value Customers
14214.0,31,5,1004.38,1004.38,0,Regular / Moderate-Value Customers
14215.0,12,6,1789.72,1789.72,0,Regular / Moderate-Value Customers
14216.0,3,4,1839.3,1839.3,0,Regular / Moderate-Value Customers
14217.0,2,17,2004.98,2004.98,3,Loyal / Valuable Customers
14218.0,43,1,169.48000000000002,169.48000000000002,0,Regular / Moderate-Value Customers
14219.0,4,1,89.94,89.94,0,Regular / Moderate-Value Customers
14220.0,247,2,632.4,632.4,1,At-Risk / Low-Value Customers
14221.0,42,9,3432.8,3432.8,0,Regular / Moderate-Value Customers
14222.0,177,1,683.17,683.17,1,At-Risk / Low-Value Customers
14223.0,92,3,991.13,991.13,0,Regular / Moderate-Value Customers
14224.0,110,4,1009.73,1009.73,0,Regular / Moderate-Value Customers
14226.0,29,5,2214.79,2214.79,0,Regular / Moderate-Value Customers
14227.0,26,10,3350.96,3350.96,0,Regular / Moderate-Value Customers
14229.0,52,3,1547.2,1547.2,0,Regular / Moderate-Value Customers
14231.0,184,3,925.71,925.71,1,At-Risk / Low-Value Customers
14232.0,43,5,2048.07,2048.07,0,Regular / Moderate-Value Customers
14233.0,49,4,1462.72,1462.72,0,Regular / Moderate-Value Customers
14234.0,22,4,754.12,754.12,0,Regular / Moderate-Value Customers
14235.0,75,5,3144.86,3144.86,0,Regular / Moderate-Value Customers
14236.0,81,2,490.86,490.86,0,Regular / Moderate-Value Customers
14237.0,373,1,161.0,161.0,1,At-Risk / Low-Value Customers
14238.0,326,1,146.85,146.85,1,At-Risk / Low-Value Customers
14239.0,43,11,2380.85,2380.85,0,Regular / Moderate-Value Customers
14240.0,30,2,890.34,890.34,0,Regular / Moderate-Value Customers
14241.0,184,1,213.70000000000002,213.70000000000002,1,At-Risk / Low-Value Customers
14242.0,235,2,280.55,280.55,1,At-Risk / Low-Value Customers
14243.0,9,10,2588.77,2588.77,0,Regular / Moderate-Value Customers
14245.0,220,2,1693.45,1693.45,1,At-Risk / Low-Value Customers
14246.0,111,3,1474.06,1474.06,0,Regular / Moderate-Value Customers
14247.0,278,1,136.76999999999998,136.76999999999998,1,At-Risk / Low-Value Customers
14248.0,318,1,302.58,302.58,1,At-Risk / Low-Value Customers
14250.0,7,3,1904.05,1904.05,0,Regular / Moderate-Value Customers
14251.0,2,5,2879.7000000000003,2879.7000000000003,0,Regular / Moderate-Value Customers
14256.0,260,2,969.0600000000001,969.0600000000001,1,At-Risk / Low-Value Customers
14257.0,64,5,3099.7200000000003,3099.7200000000003,0,Regular / Moderate-Value Customers
14258.0,9,9,12669.98,12669.98,0,Regular / Moderate-Value Customers
14259.0,142,1,120.0,120.0,0,Regular / Moderate-Value Customers
14261.0,51,2,1163.45,1163.45,0,Regular / Moderate-Value Customers
14262.0,8,8,2618.23,2618.23,0,Regular / Moderate-Value Customers
14264.0,155,2,333.97,333.97,1,At-Risk / Low-Value Customers
14265.0,109,2,530.18,530.18,0,Regular / Moderate-Value Customers
14267.0,163,3,1516.24,1516.24,1,At-Risk / Low-Value Customers
14270.0,332,1,492.65000000000003,492.65000000000003,1,At-Risk / Low-Value Customers
14271.0,226,1,112.32,112.32,1,At-Risk / Low-Value Customers
14272.0,74,2,437.96,437.96,0,Regular / Moderate-Value Customers
14273.0,51,4,559.97,559.97,0,Regular / Moderate-Value Customers
14276.0,99,3,1119.74,1119.74,0,Regular / Moderate-Value Customers
14277.0,15,3,4188.0,4188.0,0,Regular / Moderate-Value Customers
14280.0,197,1,134.04,134.04,1,At-Risk / Low-Value Customers
14282.0,3,15,3701.44,3701.44,3,Loyal / Valuable Customers
14284.0,31,2,595.25,595.25,0,Regular / Moderate-Value Customers
14285.0,21,4,1910.01,1910.01,0,Regular / Moderate-Value Customers
14286.0,24,3,4628.75,4628.75,0,Regular / Moderate-Value Customers
14287.0,8,3,176.63,176.63,0,Regular / Moderate-Value Customers
14288.0,213,1,426.6,426.6,1,At-Risk / Low-Value Customers
14289.0,9,6,911.26,911.26,0,Regular / Moderate-Value Customers
14290.0,11,5,2314.65,2314.65,0,Regular / Moderate-Value Customers
14291.0,2,11,3883.25,3883.25,0,Regular / Moderate-Value Customers
14292.0,8,9,4871.93,4871.93,0,Regular / Moderate-Value Customers
14293.0,3,4,1046.56,1046.56,0,Regular / Moderate-Value Customers
14295.0,40,1,166.20000000000002,166.20000000000002,0,Regular / Moderate-Value Customers
14297.0,18,4,1305.33,1305.33,0,Regular / Moderate-Value Customers
14298.0,8,44,51527.3,51527.3,3,Loyal / Valuable Customers
14299.0,8,9,3965.62,3965.62,0,Regular / Moderate-Value Customers
14300.0,19,1,43.2,43.2,0,Regular / Moderate-Value Customers
14301.0,117,1,640.14,640.14,0,Regular / Moderate-Value Customers
14304.0,223,1,383.45,383.45,1,At-Risk / Low-Value Customers
14305.0,71,3,1858.96,1858.96,0,Regular / Moderate-Value Customers
14306.0,51,2,2093.32,2093.32,0,Regular / Moderate-Value Customers
14307.0,89,6,2995.72,2995.72,0,Regular / Moderate-Value Customers
14309.0,8,9,2352.53,2352.53,0,Regular / Moderate-Value Customers
14311.0,243,1,310.26,310.26,1,At-Risk / Low-Value Customers
14312.0,47,6,1611.59,1611.59,0,Regular / Moderate-Value Customers
14314.0,107,1,120.0,120.0,0,Regular / Moderate-Value Customers
14315.0,45,6,2481.13,2481.13,0,Regular / Moderate-Value Customers
14317.0,65,1,508.58000000000004,508.58000000000004,0,Regular / Moderate-Value Customers
14320.0,207,2,477.79,477.79,1,At-Risk / Low-Value Customers
14321.0,11,5,1530.75,1530.75,0,Regular / Moderate-Value Customers
14323.0,115,2,605.0600000000001,605.0600000000001,0,Regular / Moderate-Value Customers
14326.0,242,1,183.85,183.85,1,At-Risk / Low-Value Customers
14327.0,163,1,311.65,311.65,1,At-Risk / Low-Value Customers
14329.0,17,7,4975.24,4975.24,0,Regular / Moderate-Value Customers
14331.0,124,2,462.65999999999997,462.65999999999997,0,Regular / Moderate-Value Customers
14332.0,23,3,840.21,840.21,0,Regular / Moderate-Value Customers
14333.0,68,1,415.2,415.2,0,Regular / Moderate-Value Customers
14334.0,17,8,2552.21,2552.21,0,Regular / Moderate-Value Customers
14335.0,16,2,454.86,454.86,0,Regular / Moderate-Value Customers
14336.0,17,4,1614.91,1614.91,0,Regular / Moderate-Value Customers
14338.0,161,2,588.22,588.22,1,At-Risk / Low-Value Customers
14339.0,243,1,309.52,309.52,1,At-Risk / Low-Value Customers
14340.0,219,1,134.7,134.7,1,At-Risk / Low-Value Customers
14341.0,45,8,2166.98,2166.98,0,Regular / Moderate-Value Customers
14342.0,21,4,668.5600000000001,668.5600000000001,0,Regular / Moderate-Value Customers
14344.0,127,8,889.9300000000001,889.9300000000001,0,Regular / Moderate-Value Customers
14345.0,39,1,108.97999999999999,108.97999999999999,0,Regular / Moderate-Value Customers
14346.0,121,2,1021.58,1021.58,0,Regular / Moderate-Value Customers
14348.0,260,1,409.57,409.57,1,At-Risk / Low-Value Customers
14349.0,10,1,133.5,133.5,0,Regular / Moderate-Value Customers
14350.0,274,1,282.93,282.93,1,At-Risk / Low-Value Customers
14351.0,165,1,51.0,51.0,1,At-Risk / Low-Value Customers
14352.0,157,4,1078.96,1078.96,1,At-Risk / Low-Value Customers
14353.0,215,1,90.6,90.6,1,At-Risk / Low-Value Customers
14354.0,6,2,163.62,163.62,0,Regular / Moderate-Value Customers
14355.0,366,1,174.4,174.4,1,At-Risk / Low-Value Customers
14356.0,80,2,701.23,701.23,0,Regular / Moderate-Value Customers
14357.0,43,1,225.12,225.12,0,Regular / Moderate-Value Customers
14359.0,19,3,912.18,912.18,0,Regular / Moderate-Value Customers
14360.0,32,4,2118.03,2118.03,0,Regular / Moderate-Value Customers
14362.0,22,1,151.5,151.5,0,Regular / Moderate-Value Customers
14364.0,109,8,3717.35,3717.35,0,Regular / Moderate-Value Customers
14367.0,8,16,9227.82,9227.82,3,Loyal / Valuable Customers
14368.0,320,1,155.0,155.0,1,At-Risk / Low-Value Customers
14371.0,295,1,100.5,100.5,1,At-Risk / Low-Value Customers
14373.0,358,1,76.55,76.55,1,At-Risk / Low-Value Customers
14375.0,185,1,235.56,235.56,1,At-Risk / Low-Value Customers
14377.0,191,2,617.05,617.05,1,At-Risk / Low-Value Customers
14379.0,44,2,348.1,348.1,0,Regular / Moderate-Value Customers
14381.0,52,1,202.68,202.68,0,Regular / Moderate-Value Customers
14382.0,26,1,615.49,615.49,0,Regular / Moderate-Value Customers
14383.0,38,3,1247.69,1247.69,0,Regular / Moderate-Value Customers
14385.0,9,3,202.11,202.11,0,Regular / Moderate-Value Customers
14386.0,297,1,142.4,142.4,1,At-Risk / Low-Value Customers
14387.0,33,3,1727.6,1727.6,0,Regular / Moderate-Value Customers
14388.0,10,8,3212.84,3212.84,0,Regular / Moderate-Value Customers
14389.0,65,2,1043.46,1043.46,0,Regular / Moderate-Value Customers
14390.0,10,9,4642.57,4642.57,0,Regular / Moderate-Value Customers
14393.0,218,1,67.95,67.95,1,At-Risk / Low-Value Customers
14395.0,2,9,3479.91,3479.91,0,Regular / Moderate-Value Customers
14396.0,65,2,487.99,487.99,0,Regular / Moderate-Value Customers
14397.0,3,19,2612.96,2612.96,3,Loyal / Valuable Customers
14400.0,149,1,574.7,574.7,1,At-Risk / Low-Value Customers
14401.0,4,13,4051.48,4051.48,0,Regular / Moderate-Value Customers
14403.0,130,4,1475.81,1475.81,0,Regular / Moderate-Value Customers
14404.0,34,6,1449.32,1449.32,0,Regular / Moderate-Value Customers
14406.0,119,1,156.75,156.75,0,Regular / Moderate-Value Customers
14407.0,107,6,2157.73,2157.73,0,Regular / Moderate-Value Customers
14408.0,11,7,2599.03,2599.03,0,Regular / Moderate-Value Customers
14409.0,71,6,2059.4500000000003,2059.4500000000003,0,Regular / Moderate-Value Customers
14410.0,92,9,1100.27,1100.27,0,Regular / Moderate-Value Customers
14411.0,311,1,1063.0,1063.0,1,At-Risk / Low-Value Customers
14412.0,43,2,770.03,770.03,0,Regular / Moderate-Value Customers
14413.0,362,1,121.05,121.05,1,At-Risk / Low-Value Customers
14414.0,92,7,1496.98,1496.98,0,Regular / Moderate-Value Customers
14415.0,1,13,5855.57,5855.57,0,Regular / Moderate-Value Customers
14416.0,22,2,490.22,490.22,0,Regular / Moderate-Value Customers
14418.0,4,3,1937.25,1937.25,0,Regular / Moderate-Value Customers
14419.0,11,6,1051.79,1051.79,0,Regular / Moderate-Value Customers
14420.0,99,1,387.52,387.52,0,Regular / Moderate-Value Customers
14421.0,57,2,813.11,813.11,0,Regular / Moderate-Value Customers
14422.0,1,6,4263.64,4263.64,0,Regular / Moderate-Value Customers
14423.0,218,1,265.2,265.2,1,At-Risk / Low-Value Customers
14424.0,18,1,322.08,322.08,0,Regular / Moderate-Value Customers
14426.0,24,10,4481.67,4481.67,0,Regular / Moderate-Value Customers
14427.0,50,2,363.34000000000003,363.34000000000003,0,Regular / Moderate-Value Customers
14428.0,7,5,1224.06,1224.06,0,Regular / Moderate-Value Customers
14431.0,303,1,470.36,470.36,1,At-Risk / Low-Value Customers
14432.0,10,6,2248.5,2248.5,0,Regular / Moderate-Value Customers
14434.0,22,6,1372.8,1372.8,0,Regular / Moderate-Value Customers
14436.0,99,1,89.06,89.06,0,Regular / Moderate-Value Customers
14437.0,366,1,63.0,63.0,1,At-Risk / Low-Value Customers
14438.0,306,1,131.9,131.9,1,At-Risk / Low-Value Customers
14439.0,320,1,2661.24,2661.24,1,At-Risk / Low-Value Customers
14440.0,8,5,2357.6800000000003,2357.6800000000003,0,Regular / Moderate-Value Customers
14441.0,1,4,1712.89,1712.89,0,Regular / Moderate-Value Customers
14442.0,205,2,1589.82,1589.82,1,At-Risk / Low-Value Customers
14443.0,54,4,1420.2,1420.2,0,Regular / Moderate-Value Customers
14446.0,1,4,1010.35,1010.35,0,Regular / Moderate-Value Customers
14447.0,19,5,1163.23,1163.23,0,Regular / Moderate-Value Customers
14448.0,9,2,375.35,375.35,0,Regular / Moderate-Value Customers
14449.0,19,4,885.8,885.8,0,Regular / Moderate-Value Customers
14450.0,181,3,483.25,483.25,1,At-Risk / Low-Value Customers
14451.0,60,2,643.9,643.9,0,Regular / Moderate-Value Customers
14452.0,11,2,259.05,259.05,0,Regular / Moderate-Value Customers
14453.0,190,1,119.93,119.93,1,At-Risk / Low-Value Customers
14456.0,5,9,3017.28,3017.28,0,Regular / Moderate-Value Customers
14457.0,311,1,113.64,113.64,1,At-Risk / Low-Value Customers
14459.0,155,1,1837.92,1837.92,1,At-Risk / Low-Value Customers
14460.0,110,3,434.34,434.34,0,Regular / Moderate-Value Customers
14461.0,148,3,2103.06,2103.06,1,At-Risk / Low-Value Customers
14462.0,66,11,1980.57,1980.57,0,Regular / Moderate-Value Customers
14463.0,98,3,529.62,529.62,0,Regular / Moderate-Value Customers
14465.0,247,3,1038.44,1038.44,1,At-Risk / Low-Value Customers
14466.0,29,7,2272.4,2272.4,0,Regular / Moderate-Value Customers
14467.0,18,4,596.26,596.26,0,Regular / Moderate-Value Customers
14470.0,12,2,461.19,461.19,0,Regular / Moderate-Value Customers
14472.0,104,8,1852.67,1852.67,0,Regular / Moderate-Value Customers
14473.0,74,2,234.34000000000003,234.34000000000003,0,Regular / Moderate-Value Customers
14474.0,46,1,547.66,547.66,0,Regular / Moderate-Value Customers
14475.0,72,3,925.85,925.85,0,Regular / Moderate-Value Customers
14476.0,257,1,193.0,193.0,1,At-Risk / Low-Value Customers
14477.0,20,4,1309.6,1309.6,0,Regular / Moderate-Value Customers
14479.0,254,2,316.25,316.25,1,At-Risk / Low-Value Customers
14480.0,11,1,279.05,279.05,0,Regular / Moderate-Value Customers
14481.0,165,2,636.51,636.51,1,At-Risk / Low-Value Customers
14482.0,18,6,2022.81,2022.81,0,Regular / Moderate-Value Customers
14483.0,282,1,137.1,137.1,1,At-Risk / Low-Value Customers
14484.0,50,1,321.92,321.92,0,Regular / Moderate-Value Customers
14485.0,39,1,162.8,162.8,0,Regular / Moderate-Value Customers
14487.0,27,6,1165.48,1165.48,0,Regular / Moderate-Value Customers
14488.0,68,1,1064.28,1064.28,0,Regular / Moderate-Value Customers
14489.0,207,1,463.38,463.38,1,At-Risk / Low-Value Customers
14491.0,175,2,340.93,340.93,1,At-Risk / Low-Value Customers
14493.0,7,5,2383.2400000000002,2383.2400000000002,0,Regular / Moderate-Value Customers
14494.0,26,1,139.56,139.56,0,Regular / Moderate-Value Customers
14495.0,51,2,123.8,123.8,0,Regular / Moderate-Value Customers
14496.0,312,2,538.8100000000001,538.8100000000001,1,At-Risk / Low-Value Customers
14497.0,309,1,475.37,475.37,1,At-Risk / Low-Value Customers
14498.0,43,5,1957.32,1957.32,0,Regular / Moderate-Value Customers
14499.0,26,3,808.44,808.44,0,Regular / Moderate-Value Customers
14500.0,88,3,356.85,356.85,0,Regular / Moderate-Value Customers
14501.0,184,2,251.21,251.21,1,At-Risk / Low-Value Customers
14502.0,20,11,2429.83,2429.83,0,Regular / Moderate-Value Customers
14503.0,3,6,3543.26,3543.26,0,Regular / Moderate-Value Customers
14504.0,47,4,673.26,673.26,0,Regular / Moderate-Value Customers
14505.0,17,8,5859.43,5859.43,0,Regular / Moderate-Value Customers
14506.0,17,5,1960.65,1960.65,0,Regular / Moderate-Value Customers
14507.0,24,6,1367.88,1367.88,0,Regular / Moderate-Value Customers
14508.0,22,2,268.05,268.05,0,Regular / Moderate-Value Customers
14511.0,11,5,1314.81,1314.81,0,Regular / Moderate-Value Customers
14512.0,188,2,275.28,275.28,1,At-Risk / Low-Value Customers
14513.0,101,3,455.59000000000003,455.59000000000003,0,Regular / Moderate-Value Customers
14514.0,61,3,990.2,990.2,0,Regular / Moderate-Value Customers
14515.0,18,6,2076.89,2076.89,0,Regular / Moderate-Value Customers
14517.0,33,2,330.45,330.45,0,Regular / Moderate-Value Customers
14518.0,64,1,174.37,174.37,0,Regular / Moderate-Value Customers
14520.0,2,2,270.6,270.6,0,Regular / Moderate-Value Customers
14522.0,24,4,974.54,974.54,0,Regular / Moderate-Value Customers
14523.0,108,1,241.09,241.09,0,Regular / Moderate-Value Customers
14524.0,32,9,1843.83,1843.83,0,Regular / Moderate-Value Customers
14525.0,20,9,4215.9,4215.9,0,Regular / Moderate-Value Customers
14527.0,3,55,8507.13,8507.13,3,Loyal / Valuable Customers
14528.0,37,1,364.21999999999997,364.21999999999997,0,Regular / Moderate-Value Customers
14529.0,60,3,578.61,578.61,0,Regular / Moderate-Value Customers
14530.0,26,6,2862.11,2862.11,0,Regular / Moderate-Value Customers
14532.0,236,4,932.85,932.85,1,At-Risk / Low-Value Customers
14533.0,25,7,1949.72,1949.72,0,Regular / Moderate-Value Customers
14534.0,3,18,4397.3,4397.3,3,Loyal / Valuable Customers
14535.0,60,3,2854.84,2854.84,0,Regular / Moderate-Value Customers
14536.0,260,1,170.95,170.95,1,At-Risk / Low-Value Customers
14537.0,58,1,355.56,355.56,0,Regular / Moderate-Value Customers
14538.0,65,2,388.25,388.25,0,Regular / Moderate-Value Customers
14539.0,16,2,537.48,537.48,0,Regular / Moderate-Value Customers
14540.0,10,3,952.66,952.66,0,Regular / Moderate-Value Customers
14541.0,59,8,1453.35,1453.35,0,Regular / Moderate-Value Customers
14542.0,186,1,103.25,103.25,1,At-Risk / Low-Value Customers
14543.0,29,16,3599.73,3599.73,3,Loyal / Valuable Customers
14544.0,24,2,2004.3,2004.3,0,Regular / Moderate-Value Customers
14546.0,5,5,2573.93,2573.93,0,Regular / Moderate-Value Customers
14547.0,4,8,3974.75,3974.75,0,Regular / Moderate-Value Customers
14548.0,151,2,652.8,652.8,1,At-Risk / Low-Value Customers
14549.0,311,1,289.24,289.24,1,At-Risk / Low-Value Customers
14550.0,11,2,757.37,757.37,0,Regular / Moderate-Value Customers
14551.0,18,2,186.23,186.23,0,Regular / Moderate-Value Customers
14552.0,152,1,164.22,164.22,1,At-Risk / Low-Value Customers
14553.0,19,5,859.27,859.27,0,Regular / Moderate-Value Customers
14554.0,10,4,2279.4900000000002,2279.4900000000002,0,Regular / Moderate-Value Customers
14555.0,57,2,312.54,312.54,0,Regular / Moderate-Value Customers
14557.0,85,1,788.38,788.38,0,Regular / Moderate-Value Customers
14560.0,7,22,2237.77,2237.77,3,Loyal / Valuable Customers
14561.0,76,3,1080.76,1080.76,0,Regular / Moderate-Value Customers
14562.0,4,18,5006.77,5006.77,3,Loyal / Valuable Customers
14565.0,96,4,3099.12,3099.12,0,Regular / Moderate-Value Customers
14566.0,111,1,1432.0,1432.0,0,Regular / Moderate-Value Customers
14567.0,57,2,1530.3600000000001,1530.3600000000001,0,Regular / Moderate-Value Customers
14569.0,1,1,227.39,227.39,0,Regular / Moderate-Value Customers
14570.0,281,2,218.06,218.06,1,At-Risk / Low-Value Customers
14572.0,3,7,2804.54,2804.54,0,Regular / Moderate-Value Customers
14573.0,180,9,1639.82,1639.82,1,At-Risk / Low-Value Customers
14576.0,372,1,35.400000000000006,35.400000000000006,1,At-Risk / Low-Value Customers
14577.0,13,4,859.71,859.71,0,Regular / Moderate-Value Customers
14578.0,3,1,168.63,168.63,0,Regular / Moderate-Value Customers
14581.0,17,1,138.6,138.6,0,Regular / Moderate-Value Customers
14582.0,41,1,114.11,114.11,0,Regular / Moderate-Value Customers
14583.0,6,5,986.96,986.96,0,Regular / Moderate-Value Customers
14584.0,169,4,1033.06,1033.06,1,At-Risk / Low-Value Customers
14585.0,50,1,157.05,157.05,0,Regular / Moderate-Value Customers
14586.0,277,1,237.36,237.36,1,At-Risk / Low-Value Customers
14587.0,19,9,1580.29,1580.29,0,Regular / Moderate-Value Customers
14589.0,372,1,39.75,39.75,1,At-Risk / Low-Value Customers
14591.0,15,4,1320.21,1320.21,0,Regular / Moderate-Value Customers
14592.0,35,3,557.94,557.94,0,Regular / Moderate-Value Customers
14593.0,22,3,617.15,617.15,0,Regular / Moderate-Value Customers
14594.0,7,2,363.33,363.33,0,Regular / Moderate-Value Customers
14595.0,20,6,1740.6,1740.6,0,Regular / Moderate-Value Customers
14597.0,11,2,866.24,866.24,0,Regular / Moderate-Value Customers
14598.0,44,1,221.97,221.97,0,Regular / Moderate-Value Customers
14600.0,306,1,393.33000000000004,393.33000000000004,1,At-Risk / Low-Value Customers
14601.0,11,1,213.96,213.96,0,Regular / Moderate-Value Customers
14603.0,275,1,660.0,660.0,1,At-Risk / Low-Value Customers
14606.0,1,93,12076.15,12076.15,3,Loyal / Valuable Customers
14607.0,16,14,16209.5,16209.5,3,Loyal / Valuable Customers
14608.0,4,4,1785.15,1785.15,0,Regular / Moderate-Value Customers
14609.0,72,4,601.56,601.56,0,Regular / Moderate-Value Customers
14616.0,243,3,406.08000000000004,406.08000000000004,1,At-Risk / Low-Value Customers
14618.0,9,3,553.44,553.44,0,Regular / Moderate-Value Customers
14619.0,246,1,394.44,394.44,1,At-Risk / Low-Value Customers
14620.0,206,2,412.78000000000003,412.78000000000003,1,At-Risk / Low-Value Customers
14621.0,1,5,1788.3600000000001,1788.3600000000001,0,Regular / Moderate-Value Customers
14622.0,185,1,320.58000000000004,320.58000000000004,1,At-Risk / Low-Value Customers
14623.0,32,5,886.7,886.7,0,Regular / Moderate-Value Customers
14624.0,57,2,225.85,225.85,0,Regular / Moderate-Value Customers
14625.0,196,2,899.63,899.63,1,At-Risk / Low-Value Customers
14626.0,24,4,2791.27,2791.27,0,Regular / Moderate-Value Customers
14628.0,91,2,671.96,671.96,0,Regular / Moderate-Value Customers
14629.0,4,2,955.26,955.26,0,Regular / Moderate-Value Customers
14631.0,51,3,1006.98,1006.98,0,Regular / Moderate-Value Customers
14632.0,263,1,114.56,114.56,1,At-Risk / Low-Value Customers
14633.0,266,1,344.90000000000003,344.90000000000003,1,At-Risk / Low-Value Customers
14636.0,36,2,609.85,609.85,0,Regular / Moderate-Value Customers
14638.0,51,1,443.6,443.6,0,Regular / Moderate-Value Customers
14639.0,52,6,2984.49,2984.49,0,Regular / Moderate-Value Customers
14640.0,24,6,2107.38,2107.38,0,Regular / Moderate-Value Customers
14641.0,22,1,110.46,110.46,0,Regular / Moderate-Value Customers
14642.0,59,1,96.12,96.12,0,Regular / Moderate-Value Customers
14643.0,170,2,693.8100000000001,693.8100000000001,1,At-Risk / Low-Value Customers
14644.0,68,2,830.76,830.76,0,Regular / Moderate-Value Customers
14645.0,157,2,597.09,597.09,1,At-Risk / Low-Value Customers
14646.0,2,73,280206.02,280206.02,2,High-Value Customers
14647.0,201,1,236.04000000000002,236.04000000000002,1,At-Risk / Low-Value Customers
14649.0,5,4,1402.59,1402.59,0,Regular / Moderate-Value Customers
14651.0,67,2,653.75,653.75,0,Regular / Moderate-Value Customers
14652.0,77,1,114.18,114.18,0,Regular / Moderate-Value Customers
14653.0,1,7,1926.65,1926.65,0,Regular / Moderate-Value Customers
14655.0,8,4,1932.23,1932.23,0,Regular / Moderate-Value Customers
14656.0,169,2,291.05,291.05,1,At-Risk / Low-Value Customers
14657.0,18,4,848.22,848.22,0,Regular / Moderate-Value Customers
14658.0,5,2,247.15,247.15,0,Regular / Moderate-Value Customers
14659.0,9,9,2529.93,2529.93,0,Regular / Moderate-Value Customers
14660.0,87,2,285.74,285.74,0,Regular / Moderate-Value Customers
14661.0,27,1,107.95,107.95,0,Regular / Moderate-Value Customers
14662.0,29,4,741.37,741.37,0,Regular / Moderate-Value Customers
14664.0,20,2,636.24,636.24,0,Regular / Moderate-Value Customers
14665.0,61,5,1835.7,1835.7,0,Regular / Moderate-Value Customers
14666.0,24,1,195.25,195.25,0,Regular / Moderate-Value Customers
14667.0,11,25,9175.04,9175.04,3,Loyal / Valuable Customers
14669.0,242,3,1259.24,1259.24,1,At-Risk / Low-Value Customers
14670.0,280,2,392.86,392.86,1,At-Risk / Low-Value Customers
14672.0,235,2,765.55,765.55,1,At-Risk / Low-Value Customers
14673.0,3,5,1736.4,1736.4,0,Regular / Moderate-Value Customers
14675.0,16,1,596.36,596.36,0,Regular / Moderate-Value Customers
14676.0,31,6,2548.2400000000002,2548.2400000000002,0,Regular / Moderate-Value Customers
14680.0,25,16,28754.11,28754.11,3,Loyal / Valuable Customers
14681.0,71,3,498.95,498.95,0,Regular / Moderate-Value Customers
14682.0,188,2,52.0,52.0,1,At-Risk / Low-Value Customers
14684.0,26,5,1201.51,1201.51,0,Regular / Moderate-Value Customers
14687.0,107,1,628.38,628.38,0,Regular / Moderate-Value Customers
14688.0,8,21,5579.1,5579.1,3,Loyal / Valuable Customers
14689.0,209,1,112.8,112.8,1,At-Risk / Low-Value Customers
14690.0,44,2,355.05,355.05,0,Regular / Moderate-Value Customers
14691.0,31,5,2114.33,2114.33,0,Regular / Moderate-Value Customers
14692.0,137,4,591.55,591.55,0,Regular / Moderate-Value Customers
14693.0,265,1,172.9,172.9,1,At-Risk / Low-Value Customers
14696.0,4,7,2078.95,2078.95,0,Regular / Moderate-Value Customers
14697.0,218,2,188.60999999999999,188.60999999999999,1,At-Risk / Low-Value Customers
14698.0,2,5,1217.27,1217.27,0,Regular / Moderate-Value Customers
14699.0,214,1,109.13000000000001,109.13000000000001,1,At-Risk / Low-Value Customers
14700.0,32,3,2195.1,2195.1,0,Regular / Moderate-Value Customers
14701.0,11,9,2526.09,2526.09,0,Regular / Moderate-Value Customers
14702.0,1,17,3251.79,3251.79,3,Loyal / Valuable Customers
14703.0,15,1,318.17,318.17,0,Regular / Moderate-Value Customers
14704.0,11,9,1493.96,1493.96,0,Regular / Moderate-Value Customers
14705.0,199,1,179.0,179.0,1,At-Risk / Low-Value Customers
14708.0,3,3,1126.37,1126.37,0,Regular / Moderate-Value Customers
14709.0,15,13,4921.04,4921.04,0,Regular / Moderate-Value Customers
14710.0,14,4,599.48,599.48,0,Regular / Moderate-Value Customers
14711.0,10,11,2839.62,2839.62,0,Regular / Moderate-Value Customers
14712.0,29,3,917.07,917.07,0,Regular / Moderate-Value Customers
14713.0,9,11,2662.2,2662.2,0,Regular / Moderate-Value Customers
14714.0,24,1,160.19,160.19,0,Regular / Moderate-Value Customers
14715.0,25,4,867.38,867.38,0,Regular / Moderate-Value Customers
14716.0,43,2,307.51,307.51,0,Regular / Moderate-Value Customers
14719.0,2,5,1581.84,1581.84,0,Regular / Moderate-Value Customers
14720.0,6,3,663.81,663.81,0,Regular / Moderate-Value Customers
14722.0,147,1,180.42000000000002,180.42000000000002,1,At-Risk / Low-Value Customers
14723.0,10,6,1122.3600000000001,1122.3600000000001,0,Regular / Moderate-Value Customers
14725.0,25,1,655.58,655.58,0,Regular / Moderate-Value Customers
14727.0,274,1,268.58,268.58,1,At-Risk / Low-Value Customers
14729.0,374,1,313.49,313.49,1,At-Risk / Low-Value Customers
14730.0,1,8,1897.57,1897.57,0,Regular / Moderate-Value Customers
14731.0,47,3,380.02,380.02,0,Regular / Moderate-Value Customers
14732.0,8,8,2702.4900000000002,2702.4900000000002,0,Regular / Moderate-Value Customers
14733.0,16,12,9585.91,9585.91,3,Loyal / Valuable Customers
14735.0,4,32,6065.69,6065.69,3,Loyal / Valuable Customers
14737.0,4,3,1164.55,1164.55,0,Regular / Moderate-Value Customers
14738.0,43,7,1314.45,1314.45,0,Regular / Moderate-Value Customers
14739.0,4,7,3902.28,3902.28,0,Regular / Moderate-Value Customers
14740.0,197,3,1448.21,1448.21,1,At-Risk / Low-Value Customers
14741.0,12,6,1400.34,1400.34,0,Regular / Moderate-Value Customers
14744.0,16,7,1099.98,1099.98,0,Regular / Moderate-Value Customers
14745.0,113,5,1220.26,1220.26,0,Regular / Moderate-Value Customers
14747.0,249,1,328.2,328.2,1,At-Risk / Low-Value Customers
14748.0,29,5,1415.75,1415.75,0,Regular / Moderate-Value Customers
14752.0,44,1,389.64,389.64,0,Regular / Moderate-Value Customers
14753.0,87,1,563.15,563.15,0,Regular / Moderate-Value Customers
14754.0,45,2,638.05,638.05,0,Regular / Moderate-Value Customers
14755.0,10,11,5010.28,5010.28,0,Regular / Moderate-Value Customers
14756.0,15,1,738.96,738.96,0,Regular / Moderate-Value Customers
14757.0,75,1,420.5,420.5,0,Regular / Moderate-Value Customers
14758.0,145,4,1484.06,1484.06,0,Regular / Moderate-Value Customers
14759.0,5,3,1625.97,1625.97,0,Regular / Moderate-Value Customers
14760.0,297,1,89.2,89.2,1,At-Risk / Low-Value Customers
14761.0,59,2,255.9,255.9,0,Regular / Moderate-Value Customers
14762.0,264,1,300.52,300.52,1,At-Risk / Low-Value Customers
14764.0,47,1,278.3,278.3,0,Regular / Moderate-Value Customers
14765.0,29,3,254.11,254.11,0,Regular / Moderate-Value Customers
14766.0,8,6,2473.37,2473.37,0,Regular / Moderate-Value Customers
14768.0,17,2,192.60000000000002,192.60000000000002,0,Regular / Moderate-Value Customers
14769.0,3,8,10416.98,10416.98,0,Regular / Moderate-Value Customers
14770.0,232,2,876.42,876.42,1,At-Risk / Low-Value Customers
14772.0,112,1,139.26,139.26,0,Regular / Moderate-Value Customers
14775.0,58,3,1011.9,1011.9,0,Regular / Moderate-Value Customers
14776.0,51,11,2538.3,2538.3,0,Regular / Moderate-Value Customers
14778.0,127,2,730.86,730.86,0,Regular / Moderate-Value Customers
14779.0,281,3,386.15,386.15,1,At-Risk / Low-Value Customers
14780.0,55,2,447.68,447.68,0,Regular / Moderate-Value Customers
14782.0,320,1,200.10000000000002,200.10000000000002,1,At-Risk / Low-Value Customers
14784.0,26,2,289.99,289.99,0,Regular / Moderate-Value Customers
14785.0,10,2,77.4,77.4,0,Regular / Moderate-Value Customers
14788.0,7,2,679.4399999999999,679.4399999999999,0,Regular / Moderate-Value Customers
14789.0,29,1,197.64,197.64,0,Regular / Moderate-Value Customers
14790.0,17,4,745.06,745.06,0,Regular / Moderate-Value Customers
14792.0,64,1,6.2,6.2,0,Regular / Moderate-Value Customers
14793.0,21,1,228.99,228.99,0,Regular / Moderate-Value Customers
14794.0,3,7,1319.91,1319.91,0,Regular / Moderate-Value Customers
14795.0,166,1,131.45000000000002,131.45000000000002,1,At-Risk / Low-Value Customers
14796.0,1,17,7975.49,7975.49,3,Loyal / Valuable Customers
14798.0,53,3,173.74,173.74,0,Regular / Moderate-Value Customers
14799.0,51,1,157.7,157.7,0,Regular / Moderate-Value Customers
14800.0,48,12,4331.79,4331.79,0,Regular / Moderate-Value Customers
14801.0,61,1,189.34,189.34,0,Regular / Moderate-Value Customers
14803.0,162,3,845.55,845.55,1,At-Risk / Low-Value Customers
14804.0,9,1,353.27,353.27,0,Regular / Moderate-Value Customers
14805.0,15,4,546.4,546.4,0,Regular / Moderate-Value Customers
14806.0,75,1,193.39000000000001,193.39000000000001,0,Regular / Moderate-Value Customers
14808.0,40,8,2718.6,2718.6,0,Regular / Moderate-Value Customers
14810.0,41,11,2085.33,2085.33,0,Regular / Moderate-Value Customers
14813.0,370,2,152.88,152.88,1,At-Risk / Low-Value Customers
14815.0,37,2,778.5,778.5,0,Regular / Moderate-Value Customers
14816.0,197,1,271.85,271.85,1,At-Risk / Low-Value Customers
14817.0,200,2,1110.34,1110.34,1,At-Risk / Low-Value Customers
14818.0,74,3,657.8,657.8,0,Regular / Moderate-Value Customers
14819.0,64,2,272.07,272.07,0,Regular / Moderate-Value Customers
14820.0,21,4,507.29,507.29,0,Regular / Moderate-Value Customers
14821.0,367,1,48.800000000000004,48.800000000000004,1,At-Risk / Low-Value Customers
14823.0,180,3,321.43,321.43,1,At-Risk / Low-Value Customers
14824.0,10,4,1127.71,1127.71,0,Regular / Moderate-Value Customers
14825.0,4,12,2221.01,2221.01,0,Regular / Moderate-Value Customers
14828.0,197,3,2139.76,2139.76,1,At-Risk / Low-Value Customers
14829.0,29,4,697.55,697.55,0,Regular / Moderate-Value Customers
14830.0,53,1,188.88,188.88,0,Regular / Moderate-Value Customers
14834.0,18,6,1720.3,1720.3,0,Regular / Moderate-Value Customers
14836.0,10,3,102.44999999999999,102.44999999999999,0,Regular / Moderate-Value Customers
14837.0,90,4,1649.5,1649.5,0,Regular / Moderate-Value Customers
14840.0,268,1,62.85,62.85,1,At-Risk / Low-Value Customers
14841.0,53,6,3295.76,3295.76,0,Regular / Moderate-Value Customers
14842.0,44,4,2824.69,2824.69,0,Regular / Moderate-Value Customers
14844.0,64,4,3189.81,3189.81,0,Regular / Moderate-Value Customers
14847.0,149,1,309.4,309.4,1,At-Risk / Low-Value Customers
14849.0,22,25,7930.54,7930.54,3,Loyal / Valuable Customers
14850.0,312,1,325.75,325.75,1,At-Risk / Low-Value Customers
14851.0,23,2,511.35,511.35,0,Regular / Moderate-Value Customers
14852.0,58,6,2836.69,2836.69,0,Regular / Moderate-Value Customers
14853.0,24,2,475.8,475.8,0,Regular / Moderate-Value Customers
14854.0,78,7,2740.03,2740.03,0,Regular / Moderate-Value Customers
14855.0,119,2,645.65,645.65,0,Regular / Moderate-Value Customers
14856.0,36,3,1290.53,1290.53,0,Regular / Moderate-Value Customers
14857.0,60,2,1173.12,1173.12,0,Regular / Moderate-Value Customers
14859.0,13,4,1353.74,1353.74,0,Regular / Moderate-Value Customers
14860.0,19,1,170.32,170.32,0,Regular / Moderate-Value Customers
14861.0,52,1,125.79,125.79,0,Regular / Moderate-Value Customers
14862.0,26,2,841.1999999999999,841.1999999999999,0,Regular / Moderate-Value Customers
14863.0,29,1,266.76,266.76,0,Regular / Moderate-Value Customers
14865.0,7,2,52.2,52.2,0,Regular / Moderate-Value Customers
14866.0,11,12,14389.9,14389.9,3,Loyal / Valuable Customers
14867.0,186,3,710.28,710.28,1,At-Risk / Low-Value Customers
14868.0,3,8,2953.59,2953.59,0,Regular / Moderate-Value Customers
14869.0,9,2,721.45,721.45,0,Regular / Moderate-Value Customers
14870.0,262,1,327.25,327.25,1,At-Risk / Low-Value Customers
14871.0,3,4,501.28000000000003,501.28000000000003,0,Regular / Moderate-Value Customers
14873.0,210,1,519.68,519.68,1,At-Risk / Low-Value Customers
14875.0,108,2,1465.3200000000002,1465.3200000000002,0,Regular / Moderate-Value Customers
14878.0,13,9,1476.09,1476.09,0,Regular / Moderate-Value Customers
14880.0,77,3,690.59,690.59,0,Regular / Moderate-Value Customers
14881.0,20,1,255.4,255.4,0,Regular / Moderate-Value Customers
14882.0,27,2,589.7,589.7,0,Regular / Moderate-Value Customers
14883.0,19,6,761.59,761.59,0,Regular / Moderate-Value Customers
14885.0,132,1,765.3199999999999,765.3199999999999,0,Regular / Moderate-Value Customers
14886.0,253,1,364.8,364.8,1,At-Risk / Low-Value Customers
14887.0,79,1,1862.0,1862.0,0,Regular / Moderate-Value Customers
14888.0,207,1,369.2,369.2,1,At-Risk / Low-Value Customers
14889.0,336,1,135.9,135.9,1,At-Risk / Low-Value Customers
14890.0,254,1,125.65,125.65,1,At-Risk / Low-Value Customers
14891.0,148,2,554.38,554.38,1,At-Risk / Low-Value Customers
14893.0,10,2,1237.8500000000001,1237.8500000000001,0,Regular / Moderate-Value Customers
14894.0,85,1,655.75,655.75,0,Regular / Moderate-Value Customers
14895.0,8,20,11138.710000000001,11138.710000000001,3,Loyal / Valuable Customers
14896.0,205,2,468.77000000000004,468.77000000000004,1,At-Risk / Low-Value Customers
14897.0,8,4,1366.38,1366.38,0,Regular / Moderate-Value Customers
14898.0,23,6,1269.31,1269.31,0,Regular / Moderate-Value Customers
14901.0,11,9,1421.29,1421.29,0,Regular / Moderate-Value Customers
14902.0,26,1,332.66,332.66,0,Regular / Moderate-Value Customers
14903.0,21,5,2795.33,2795.33,0,Regular / Moderate-Value Customers
14904.0,2,2,1025.44,1025.44,0,Regular / Moderate-Value Customers
14905.0,158,2,616.15,616.15,1,At-Risk / Low-Value Customers
14907.0,3,7,3501.1,3501.1,0,Regular / Moderate-Value Customers
14908.0,74,1,277.8,277.8,0,Regular / Moderate-Value Customers
14910.0,3,4,434.35,434.35,0,Regular / Moderate-Value Customers
14911.0,1,201,143711.17,143711.17,2,High-Value Customers
14912.0,17,2,867.85,867.85,0,Regular / Moderate-Value Customers
14913.0,36,4,1227.43,1227.43,0,Regular / Moderate-Value Customers
14915.0,91,2,307.48,307.48,0,Regular / Moderate-Value Customers
14916.0,71,4,1268.98,1268.98,0,Regular / Moderate-Value Customers
14918.0,116,2,1610.15,1610.15,0,Regular / Moderate-Value Customers
14920.0,213,2,977.77,977.77,1,At-Risk / Low-Value Customers
14921.0,30,2,1316.07,1316.07,0,Regular / Moderate-Value Customers
14923.0,51,1,749.1,749.1,0,Regular / Moderate-Value Customers
14924.0,246,1,310.05,310.05,1,At-Risk / Low-Value Customers
14929.0,32,1,223.88,223.88,0,Regular / Moderate-Value Customers
14930.0,109,3,2362.96,2362.96,0,Regular / Moderate-Value Customers
14931.0,5,5,1257.68,1257.68,0,Regular / Moderate-Value Customers
14932.0,366,1,363.53,363.53,1,At-Risk / Low-Value Customers
14934.0,82,2,1890.94,1890.94,0,Regular / Moderate-Value Customers
14935.0,297,1,1784.71,1784.71,1,At-Risk / Low-Value Customers
14936.0,34,8,8137.02,8137.02,0,Regular / Moderate-Value Customers
14937.0,57,3,1621.88,1621.88,0,Regular / Moderate-Value Customers
14944.0,30,12,5900.25,5900.25,0,Regular / Moderate-Value Customers
14946.0,14,1,100.9,100.9,0,Regular / Moderate-Value Customers
14947.0,72,2,290.82,290.82,0,Regular / Moderate-Value Customers
14948.0,23,6,1101.97,1101.97,0,Regular / Moderate-Value Customers
14950.0,19,1,371.2,371.2,0,Regular / Moderate-Value Customers
14951.0,79,1,311.69,311.69,0,Regular / Moderate-Value Customers
14952.0,60,11,8099.49,8099.49,0,Regular / Moderate-Value Customers
14953.0,25,1,285.67,285.67,0,Regular / Moderate-Value Customers
14954.0,12,1,294.85,294.85,0,Regular / Moderate-Value Customers
14957.0,253,1,58.49,58.49,1,At-Risk / Low-Value Customers
14958.0,147,3,483.72999999999996,483.72999999999996,1,At-Risk / Low-Value Customers
14959.0,64,4,695.42,695.42,0,Regular / Moderate-Value Customers
14960.0,8,2,221.27,221.27,0,Regular / Moderate-Value Customers
14961.0,11,9,7044.68,7044.68,0,Regular / Moderate-Value Customers
14962.0,271,1,126.7,126.7,1,At-Risk / Low-Value Customers
14963.0,10,5,1472.34,1472.34,0,Regular / Moderate-Value Customers
14964.0,247,1,206.21,206.21,1,At-Risk / Low-Value Customers
14965.0,96,2,596.09,596.09,0,Regular / Moderate-Value Customers
14966.0,15,1,183.02,183.02,0,Regular / Moderate-Value Customers
14967.0,50,1,463.8,463.8,0,Regular / Moderate-Value Customers
14968.0,30,1,147.59,147.59,0,Regular / Moderate-Value Customers
14970.0,68,4,1592.06,1592.06,0,Regular / Moderate-Value Customers
14971.0,35,3,1097.98,1097.98,0,Regular / Moderate-Value Customers
14972.0,128,1,114.77,114.77,0,Regular / Moderate-Value Customers
14973.0,107,3,1314.45,1314.45,0,Regular / Moderate-Value Customers
14974.0,37,1,89.94,89.94,0,Regular / Moderate-Value Customers
14975.0,57,1,279.94,279.94,0,Regular / Moderate-Value Customers
14976.0,57,7,790.86,790.86,0,Regular / Moderate-Value Customers
14978.0,72,5,1921.3700000000001,1921.3700000000001,0,Regular / Moderate-Value Customers
14981.0,246,1,102.12,102.12,1,At-Risk / Low-Value Customers
14984.0,19,2,202.37,202.37,0,Regular / Moderate-Value Customers
14985.0,198,2,292.01,292.01,1,At-Risk / Low-Value Customers
14987.0,16,2,326.4,326.4,0,Regular / Moderate-Value Customers
14988.0,212,1,334.54,334.54,1,At-Risk / Low-Value Customers
14995.0,39,2,231.98000000000002,231.98000000000002,0,Regular / Moderate-Value Customers
14997.0,46,3,546.1999999999999,546.1999999999999,0,Regular / Moderate-Value Customers
14998.0,170,2,414.87,414.87,1,At-Risk / Low-Value Customers
15000.0,48,1,490.52,490.52,0,Regular / Moderate-Value Customers
15002.0,116,4,1641.76,1641.76,0,Regular / Moderate-Value Customers
15004.0,147,1,1220.77,1220.77,1,At-Risk / Low-Value Customers
15005.0,16,28,6295.37,6295.37,3,Loyal / Valuable Customers
15006.0,51,1,480.38,480.38,0,Regular / Moderate-Value Customers
15007.0,159,1,156.91,156.91,1,At-Risk / Low-Value Customers
15009.0,12,3,1259.43,1259.43,0,Regular / Moderate-Value Customers
15010.0,36,1,308.94,308.94,0,Regular / Moderate-Value Customers
15012.0,54,2,405.04,405.04,0,Regular / Moderate-Value Customers
15014.0,43,2,257.67,257.67,0,Regular / Moderate-Value Customers
15016.0,173,1,170.04,170.04,1,At-Risk / Low-Value Customers
15017.0,34,1,125.58,125.58,0,Regular / Moderate-Value Customers
15018.0,39,3,496.21000000000004,496.21000000000004,0,Regular / Moderate-Value Customers
15019.0,267,1,252.81,252.81,1,At-Risk / Low-Value Customers
15021.0,9,9,1871.77,1871.77,0,Regular / Moderate-Value Customers
15022.0,12,4,852.39,852.39,0,Regular / Moderate-Value Customers
15023.0,3,11,6720.41,6720.41,0,Regular / Moderate-Value Customers
15024.0,10,10,1636.43,1636.43,0,Regular / Moderate-Value Customers
15025.0,33,1,361.96,361.96,0,Regular / Moderate-Value Customers
15026.0,80,3,469.0,469.0,0,Regular / Moderate-Value Customers
15027.0,31,4,1066.1499999999999,1066.1499999999999,0,Regular / Moderate-Value Customers
15028.0,8,4,627.13,627.13,0,Regular / Moderate-Value Customers
15030.0,72,2,518.28,518.28,0,Regular / Moderate-Value Customers
15031.0,4,4,653.19,653.19,0,Regular / Moderate-Value Customers
15032.0,256,3,4959.1,4959.1,1,At-Risk / Low-Value Customers
15033.0,5,10,2557.18,2557.18,0,Regular / Moderate-Value Customers
15034.0,16,8,4274.16,4274.16,0,Regular / Moderate-Value Customers
15035.0,90,1,252.73000000000002,252.73000000000002,0,Regular / Moderate-Value Customers
15036.0,72,3,429.56,429.56,0,Regular / Moderate-Value Customers
15038.0,59,6,685.74,685.74,0,Regular / Moderate-Value Customers
15039.0,10,47,19766.59,19766.59,3,Loyal / Valuable Customers
15041.0,170,1,179.93,179.93,1,At-Risk / Low-Value Customers
15042.0,199,1,135.93,135.93,1,At-Risk / Low-Value Customers
15043.0,31,1,537.0,537.0,0,Regular / Moderate-Value Customers
15044.0,19,17,7634.7300000000005,7634.7300000000005,3,Loyal / Valuable Customers
15045.0,152,2,735.66,735.66,1,At-Risk / Low-Value Customers
15046.0,9,15,5090.42,5090.42,3,Loyal / Valuable Customers
15047.0,270,1,343.62,343.62,1,At-Risk / Low-Value Customers
15048.0,65,4,381.0,381.0,0,Regular / Moderate-Value Customers
15049.0,274,1,121.17000000000002,121.17000000000002,1,At-Risk / Low-Value Customers
15050.0,25,3,1737.69,1737.69,0,Regular / Moderate-Value Customers
15051.0,23,3,1383.3600000000001,1383.3600000000001,0,Regular / Moderate-Value Customers
15052.0,319,1,207.73000000000002,207.73000000000002,1,At-Risk / Low-Value Customers
15053.0,5,3,693.95,693.95,0,Regular / Moderate-Value Customers
15054.0,12,2,302.1,302.1,0,Regular / Moderate-Value Customers
15057.0,275,2,1489.5,1489.5,1,At-Risk / Low-Value Customers
15058.0,25,11,2102.54,2102.54,0,Regular / Moderate-Value Customers
15059.0,41,9,1337.72,1337.72,0,Regular / Moderate-Value Customers
15060.0,8,4,294.25,294.25,0,Regular / Moderate-Value Customers
15061.0,4,48,54534.14,54534.14,3,Loyal / Valuable Customers
15062.0,71,4,987.86,987.86,0,Regular / Moderate-Value Customers
15063.0,213,1,370.79999999999995,370.79999999999995,1,At-Risk / Low-Value Customers
15065.0,38,4,3158.13,3158.13,0,Regular / Moderate-Value Customers
15066.0,53,1,893.59,893.59,0,Regular / Moderate-Value Customers
15067.0,78,3,1744.76,1744.76,0,Regular / Moderate-Value Customers
15068.0,46,2,553.36,553.36,0,Regular / Moderate-Value Customers
15069.0,179,1,1109.53,1109.53,1,At-Risk / Low-Value Customers
15070.0,373,1,106.2,106.2,1,At-Risk / Low-Value Customers
15071.0,94,2,982.07,982.07,0,Regular / Moderate-Value Customers
15073.0,10,3,1043.41,1043.41,0,Regular / Moderate-Value Customers
15074.0,105,1,735.67,735.67,0,Regular / Moderate-Value Customers
15075.0,78,1,773.03,773.03,0,Regular / Moderate-Value Customers
15076.0,173,1,880.85,880.85,1,At-Risk / Low-Value Customers
15078.0,7,32,9743.11,9743.11,3,Loyal / Valuable Customers
15079.0,213,4,895.61,895.61,1,At-Risk / Low-Value Customers
15081.0,22,5,504.8,504.8,0,Regular / Moderate-Value Customers
15083.0,257,1,88.2,88.2,1,At-Risk / Low-Value Customers
15087.0,282,1,306.94,306.94,1,At-Risk / Low-Value Customers
15088.0,21,2,1160.07,1160.07,0,Regular / Moderate-Value Customers
15089.0,10,6,2420.84,2420.84,0,Regular / Moderate-Value Customers
15090.0,308,1,381.32,381.32,1,At-Risk / Low-Value Customers
15091.0,68,1,480.71,480.71,0,Regular / Moderate-Value Customers
15092.0,215,2,457.81,457.81,1,At-Risk / Low-Value Customers
15093.0,18,6,4597.02,4597.02,0,Regular / Moderate-Value Customers
15095.0,104,4,1370.6,1370.6,0,Regular / Moderate-Value Customers
15096.0,43,1,219.39000000000001,219.39000000000001,0,Regular / Moderate-Value Customers
15097.0,4,1,248.08,248.08,0,Regular / Moderate-Value Customers
15098.0,182,3,39916.5,39916.5,3,Loyal / Valuable Customers
15099.0,84,1,410.48,410.48,0,Regular / Moderate-Value Customers
15100.0,334,3,876.0,876.0,1,At-Risk / Low-Value Customers
15101.0,9,2,317.53,317.53,0,Regular / Moderate-Value Customers
15103.0,31,2,703.36,703.36,0,Regular / Moderate-Value Customers
15104.0,197,2,993.54,993.54,1,At-Risk / Low-Value Customers
15105.0,18,7,2298.93,2298.93,0,Regular / Moderate-Value Customers
15106.0,18,5,1422.52,1422.52,0,Regular / Moderate-Value Customers
15107.0,311,6,319.5,319.5,1,At-Risk / Low-Value Customers
15108.0,142,4,1300.25,1300.25,0,Regular / Moderate-Value Customers
15109.0,246,1,484.95,484.95,1,At-Risk / Low-Value Customers
15110.0,24,4,996.1,996.1,0,Regular / Moderate-Value Customers
15111.0,29,3,1567.48,1567.48,0,Regular / Moderate-Value Customers
15113.0,10,3,3509.43,3509.43,0,Regular / Moderate-Value Customers
15114.0,30,10,2760.56,2760.56,0,Regular / Moderate-Value Customers
15115.0,18,1,340.11,340.11,0,Regular / Moderate-Value Customers
15116.0,18,4,1352.75,1352.75,0,Regular / Moderate-Value Customers
15117.0,15,5,1551.78,1551.78,0,Regular / Moderate-Value Customers
15118.0,134,1,244.8,244.8,0,Regular / Moderate-Value Customers
15119.0,246,1,266.4,266.4,1,At-Risk / Low-Value Customers
15120.0,134,1,358.82,358.82,0,Regular / Moderate-Value Customers
15121.0,50,2,457.72,457.72,0,Regular / Moderate-Value Customers
15122.0,114,3,1633.78,1633.78,0,Regular / Moderate-Value Customers
15123.0,7,2,2199.31,2199.31,0,Regular / Moderate-Value Customers
15124.0,23,2,184.19,184.19,0,Regular / Moderate-Value Customers
15125.0,25,15,11528.48,11528.48,3,Loyal / Valuable Customers
15127.0,66,1,406.53,406.53,0,Regular / Moderate-Value Customers
15128.0,60,4,1471.0,1471.0,0,Regular / Moderate-Value Customers
15129.0,50,11,3447.4,3447.4,0,Regular / Moderate-Value Customers
15130.0,170,1,330.11,330.11,1,At-Risk / Low-Value Customers
15132.0,18,5,977.9300000000001,977.9300000000001,0,Regular / Moderate-Value Customers
15133.0,128,3,982.42,982.42,0,Regular / Moderate-Value Customers
15134.0,15,8,1387.99,1387.99,0,Regular / Moderate-Value Customers
15135.0,239,1,139.05,139.05,1,At-Risk / Low-Value Customers
15136.0,3,4,1286.7,1286.7,0,Regular / Moderate-Value Customers
15139.0,240,2,178.96,178.96,1,At-Risk / Low-Value Customers
15140.0,52,7,2354.25,2354.25,0,Regular / Moderate-Value Customers
15142.0,46,1,498.74,498.74,0,Regular / Moderate-Value Customers
15143.0,226,1,259.45,259.45,1,At-Risk / Low-Value Customers
15144.0,8,17,6580.44,6580.44,3,Loyal / Valuable Customers
15145.0,4,4,1194.73,1194.73,0,Regular / Moderate-Value Customers
15146.0,165,2,1327.16,1327.16,1,At-Risk / Low-Value Customers
15147.0,240,1,623.5,623.5,1,At-Risk / Low-Value Customers
15148.0,11,1,301.29,301.29,0,Regular / Moderate-Value Customers
15149.0,134,1,520.8000000000001,520.8000000000001,0,Regular / Moderate-Value Customers
15150.0,17,10,5291.33,5291.33,0,Regular / Moderate-Value Customers
15152.0,10,13,4745.69,4745.69,0,Regular / Moderate-Value Customers
15153.0,31,1,329.25,329.25,0,Regular / Moderate-Value Customers
15154.0,75,1,254.28,254.28,0,Regular / Moderate-Value Customers
15156.0,1,3,961.49,961.49,0,Regular / Moderate-Value Customers
15157.0,4,3,1936.07,1936.07,0,Regular / Moderate-Value Customers
15158.0,45,1,401.40000000000003,401.40000000000003,0,Regular / Moderate-Value Customers
15159.0,2,30,18641.010000000002,18641.010000000002,3,Loyal / Valuable Customers
15160.0,357,1,158.16,158.16,1,At-Risk / Low-Value Customers
15163.0,18,2,304.47,304.47,0,Regular / Moderate-Value Customers
15164.0,69,3,824.58,824.58,0,Regular / Moderate-Value Customers
15165.0,373,1,487.75,487.75,1,At-Risk / Low-Value Customers
15167.0,321,1,158.8,158.8,1,At-Risk / Low-Value Customers
15168.0,26,1,106.56,106.56,0,Regular / Moderate-Value Customers
15171.0,331,1,1289.5,1289.5,1,At-Risk / Low-Value Customers
15172.0,9,5,1624.05,1624.05,0,Regular / Moderate-Value Customers
15174.0,323,1,135.75,135.75,1,At-Risk / Low-Value Customers
15175.0,72,1,224.14,224.14,0,Regular / Moderate-Value Customers
15178.0,260,1,40.5,40.5,1,At-Risk / Low-Value Customers
15179.0,18,5,2206.95,2206.95,0,Regular / Moderate-Value Customers
15180.0,367,1,87.5,87.5,1,At-Risk / Low-Value Customers
15181.0,66,3,689.4799999999999,689.4799999999999,0,Regular / Moderate-Value Customers
15182.0,154,2,622.85,622.85,1,At-Risk / Low-Value Customers
15184.0,29,2,402.2,402.2,0,Regular / Moderate-Value Customers
15185.0,70,1,310.62,310.62,0,Regular / Moderate-Value Customers
15186.0,14,2,411.41,411.41,0,Regular / Moderate-Value Customers
15187.0,2,16,4777.18,4777.18,3,Loyal / Valuable Customers
15189.0,1,41,16225.39,16225.39,3,Loyal / Valuable Customers
15192.0,120,3,1044.32,1044.32,0,Regular / Moderate-Value Customers
15193.0,61,1,499.32,499.32,0,Regular / Moderate-Value Customers
15194.0,3,15,7616.53,7616.53,3,Loyal / Valuable Customers
15195.0,3,1,3861.0,3861.0,0,Regular / Moderate-Value Customers
15197.0,11,3,1079.6100000000001,1079.6100000000001,0,Regular / Moderate-Value Customers
15198.0,92,2,193.64,193.64,0,Regular / Moderate-Value Customers
15199.0,59,4,1268.7,1268.7,0,Regular / Moderate-Value Customers
15201.0,87,5,1236.54,1236.54,0,Regular / Moderate-Value Customers
15203.0,26,6,1827.8,1827.8,0,Regular / Moderate-Value Customers
15204.0,357,1,316.58,316.58,1,At-Risk / Low-Value Customers
15205.0,85,2,653.24,653.24,0,Regular / Moderate-Value Customers
15206.0,10,4,420.29999999999995,420.29999999999995,0,Regular / Moderate-Value Customers
15208.0,1,5,870.12,870.12,0,Regular / Moderate-Value Customers
15210.0,225,1,331.18,331.18,1,At-Risk / Low-Value Customers
15211.0,60,2,894.4100000000001,894.4100000000001,0,Regular / Moderate-Value Customers
15212.0,241,1,101.8,101.8,1,At-Risk / Low-Value Customers
15213.0,319,2,328.35,328.35,1,At-Risk / Low-Value Customers
15214.0,2,8,1661.44,1661.44,0,Regular / Moderate-Value Customers
15215.0,47,3,734.94,734.94,0,Regular / Moderate-Value Customers
15216.0,88,1,96.6,96.6,0,Regular / Moderate-Value Customers
15218.0,11,11,5756.89,5756.89,0,Regular / Moderate-Value Customers
15219.0,176,1,305.75,305.75,1,At-Risk / Low-Value Customers
15220.0,52,6,1778.96,1778.96,0,Regular / Moderate-Value Customers
15221.0,366,1,403.25,403.25,1,At-Risk / Low-Value Customers
15222.0,319,1,585.0,585.0,1,At-Risk / Low-Value Customers
15223.0,226,2,755.75,755.75,1,At-Risk / Low-Value Customers
15224.0,358,2,322.08,322.08,1,At-Risk / Low-Value Customers
15225.0,234,1,409.40000000000003,409.40000000000003,1,At-Risk / Low-Value Customers
15226.0,311,1,154.41,154.41,1,At-Risk / Low-Value Customers
15227.0,37,5,1219.4,1219.4,0,Regular / Moderate-Value Customers
15228.0,66,4,3386.71,3386.71,0,Regular / Moderate-Value Customers
15230.0,239,2,429.6,429.6,1,At-Risk / Low-Value Customers
15232.0,113,2,612.06,612.06,0,Regular / Moderate-Value Customers
15234.0,277,1,197.0,197.0,1,At-Risk / Low-Value Customers
15235.0,218,12,2247.51,2247.51,1,At-Risk / Low-Value Customers
15236.0,299,1,321.05,321.05,1,At-Risk / Low-Value Customers
15237.0,2,4,1412.32,1412.32,0,Regular / Moderate-Value Customers
15238.0,29,3,1071.99,1071.99,0,Regular / Moderate-Value Customers
15239.0,10,2,780.59,780.59,0,Regular / Moderate-Value Customers
15240.0,45,5,1706.57,1706.57,0,Regular / Moderate-Value Customers
15241.0,67,8,1756.44,1756.44,0,Regular / Moderate-Value Customers
15243.0,74,1,316.68,316.68,0,Regular / Moderate-Value Customers
15244.0,65,2,631.57,631.57,0,Regular / Moderate-Value Customers
15245.0,134,3,2515.84,2515.84,0,Regular / Moderate-Value Customers
15246.0,238,2,514.15,514.15,1,At-Risk / Low-Value Customers
15247.0,122,1,356.0,356.0,0,Regular / Moderate-Value Customers
15249.0,32,13,6688.46,6688.46,0,Regular / Moderate-Value Customers
15251.0,9,11,10484.99,10484.99,0,Regular / Moderate-Value Customers
15252.0,36,2,740.78,740.78,0,Regular / Moderate-Value Customers
15253.0,16,5,918.1999999999999,918.1999999999999,0,Regular / Moderate-Value Customers
15254.0,127,1,300.36,300.36,0,Regular / Moderate-Value Customers
15255.0,67,1,890.85,890.85,0,Regular / Moderate-Value Customers
15256.0,149,1,98.45,98.45,1,At-Risk / Low-Value Customers
15257.0,283,1,317.15,317.15,1,At-Risk / Low-Value Customers
15258.0,169,2,623.16,623.16,1,At-Risk / Low-Value Customers
15260.0,100,7,1810.77,1810.77,0,Regular / Moderate-Value Customers
15261.0,135,1,254.82,254.82,0,Regular / Moderate-Value Customers
15262.0,324,1,178.95000000000002,178.95000000000002,1,At-Risk / Low-Value Customers
15263.0,107,1,156.51,156.51,0,Regular / Moderate-Value Customers
15264.0,64,1,393.74,393.74,0,Regular / Moderate-Value Customers
15265.0,151,2,1506.1200000000001,1506.1200000000001,1,At-Risk / Low-Value Customers
15266.0,338,1,119.3,119.3,1,At-Risk / Low-Value Customers
15267.0,22,5,1717.36,1717.36,0,Regular / Moderate-Value Customers
15269.0,24,1,408.8,408.8,0,Regular / Moderate-Value Customers
15270.0,16,7,2379.49,2379.49,0,Regular / Moderate-Value Customers
15271.0,7,15,2493.34,2493.34,3,Loyal / Valuable Customers
15272.0,57,2,721.94,721.94,0,Regular / Moderate-Value Customers
15274.0,4,2,716.57,716.57,0,Regular / Moderate-Value Customers
15275.0,38,1,615.14,615.14,0,Regular / Moderate-Value Customers
15276.0,66,1,128.63,128.63,0,Regular / Moderate-Value Customers
15277.0,47,1,255.89999999999998,255.89999999999998,0,Regular / Moderate-Value Customers
15279.0,355,1,290.51,290.51,1,At-Risk / Low-Value Customers
15280.0,172,1,113.12,113.12,1,At-Risk / Low-Value Customers
15281.0,59,9,2332.15,2332.15,0,Regular / Moderate-Value Customers
15286.0,50,1,240.55,240.55,0,Regular / Moderate-Value Customers
15287.0,22,2,486.69,486.69,0,Regular / Moderate-Value Customers
15288.0,43,5,2306.52,2306.52,0,Regular / Moderate-Value Customers
15289.0,29,3,939.78,939.78,0,Regular / Moderate-Value Customers
15290.0,5,18,7943.22,7943.22,3,Loyal / Valuable Customers
15291.0,26,15,4668.3,4668.3,3,Loyal / Valuable Customers
15292.0,201,1,178.39,178.39,1,At-Risk / Low-Value Customers
15296.0,51,6,3672.86,3672.86,0,Regular / Moderate-Value Customers
15297.0,10,3,641.94,641.94,0,Regular / Moderate-Value Customers
15298.0,2,12,4799.9,4799.9,0,Regular / Moderate-Value Customers
15299.0,67,7,4507.01,4507.01,0,Regular / Moderate-Value Customers
15300.0,64,1,496.44,496.44,0,Regular / Moderate-Value Customers
15301.0,51,12,5049.95,5049.95,0,Regular / Moderate-Value Customers
15303.0,290,1,574.02,574.02,1,At-Risk / Low-Value Customers
15304.0,61,8,694.4000000000001,694.4000000000001,0,Regular / Moderate-Value Customers
15306.0,64,3,1174.35,1174.35,0,Regular / Moderate-Value Customers
15307.0,96,1,205.3,205.3,0,Regular / Moderate-Value Customers
15308.0,274,1,310.47,310.47,1,At-Risk / Low-Value Customers
15311.0,1,91,60632.75,60632.75,2,High-Value Customers
15312.0,75,4,924.85,924.85,0,Regular / Moderate-Value Customers
15313.0,110,1,52.0,52.0,0,Regular / Moderate-Value Customers
15314.0,199,1,327.97,327.97,1,At-Risk / Low-Value Customers
15315.0,64,2,570.5,570.5,0,Regular / Moderate-Value Customers
15316.0,327,1,165.0,165.0,1,At-Risk / Low-Value Customers
15318.0,4,1,312.62,312.62,0,Regular / Moderate-Value Customers
15319.0,284,1,204.5,204.5,1,At-Risk / Low-Value Customers
15320.0,44,1,267.13,267.13,0,Regular / Moderate-Value Customers
15321.0,71,3,2748.31,2748.31,0,Regular / Moderate-Value Customers
15322.0,86,1,679.68,679.68,0,Regular / Moderate-Value Customers
15325.0,104,1,161.74,161.74,0,Regular / Moderate-Value Customers
15326.0,334,1,311.71,311.71,1,At-Risk / Low-Value Customers
15327.0,53,1,208.75,208.75,0,Regular / Moderate-Value Customers
15329.0,39,3,1049.7,1049.7,0,Regular / Moderate-Value Customers
15330.0,32,2,714.96,714.96,0,Regular / Moderate-Value Customers
15332.0,366,4,1661.06,1661.06,1,At-Risk / Low-Value Customers
15333.0,208,1,1028.56,1028.56,1,At-Risk / Low-Value Customers
15334.0,157,3,350.82,350.82,1,At-Risk / Low-Value Customers
15335.0,54,1,170.22,170.22,0,Regular / Moderate-Value Customers
15339.0,66,2,574.07,574.07,0,Regular / Moderate-Value Customers
15341.0,81,1,2020.52,2020.52,0,Regular / Moderate-Value Customers
15342.0,130,1,406.09,406.09,0,Regular / Moderate-Value Customers
15343.0,87,1,364.5,364.5,0,Regular / Moderate-Value Customers
15344.0,1,3,563.94,563.94,0,Regular / Moderate-Value Customers
15345.0,46,1,393.54,393.54,0,Regular / Moderate-Value Customers
15346.0,333,1,252.42000000000002,252.42000000000002,1,At-Risk / Low-Value Customers
15347.0,366,1,201.60000000000002,201.60000000000002,1,At-Risk / Low-Value Customers
15348.0,72,1,158.04,158.04,0,Regular / Moderate-Value Customers
15349.0,158,2,463.90999999999997,463.90999999999997,1,At-Risk / Low-Value Customers
15350.0,373,1,115.65,115.65,1,At-Risk / Low-Value Customers
15351.0,12,7,1934.66,1934.66,0,Regular / Moderate-Value Customers
15353.0,255,2,770.12,770.12,1,At-Risk / Low-Value Customers
15355.0,29,2,277.05,277.05,0,Regular / Moderate-Value Customers
15356.0,31,10,2718.03,2718.03,0,Regular / Moderate-Value Customers
15358.0,5,22,8347.2,8347.2,3,Loyal / Valuable Customers
15360.0,40,1,427.93,427.93,0,Regular / Moderate-Value Customers
15361.0,362,1,418.92,418.92,1,At-Risk / Low-Value Customers
15363.0,373,1,326.0,326.0,1,At-Risk / Low-Value Customers
15364.0,96,2,913.19,913.19,0,Regular / Moderate-Value Customers
15365.0,26,7,2314.32,2314.32,0,Regular / Moderate-Value Customers
15366.0,75,2,602.51,602.51,0,Regular / Moderate-Value Customers
15367.0,57,4,1877.59,1877.59,0,Regular / Moderate-Value Customers
15368.0,21,1,446.94000000000005,446.94000000000005,0,Regular / Moderate-Value Customers
15370.0,41,7,2386.05,2386.05,0,Regular / Moderate-Value Customers
15372.0,137,1,2007.3999999999999,2007.3999999999999,0,Regular / Moderate-Value Customers
15373.0,8,12,2415.91,2415.91,0,Regular / Moderate-Value Customers
15374.0,129,1,168.0,168.0,0,Regular / Moderate-Value Customers
15376.0,40,3,1221.56,1221.56,0,Regular / Moderate-Value Customers
15379.0,169,7,3703.29,3703.29,1,At-Risk / Low-Value Customers
15380.0,9,5,1690.2600000000002,1690.2600000000002,0,Regular / Moderate-Value Customers
15381.0,214,2,596.85,596.85,1,At-Risk / Low-Value Customers
15382.0,15,6,5955.71,5955.71,0,Regular / Moderate-Value Customers
15384.0,170,2,642.41,642.41,1,At-Risk / Low-Value Customers
15385.0,40,1,316.88,316.88,0,Regular / Moderate-Value Customers
15386.0,186,1,394.14,394.14,1,At-Risk / Low-Value Customers
15388.0,270,1,140.54,140.54,1,At-Risk / Low-Value Customers
15389.0,172,1,500.0,500.0,1,At-Risk / Low-Value Customers
15392.0,5,4,1535.53,1535.53,0,Regular / Moderate-Value Customers
15393.0,16,2,231.86,231.86,0,Regular / Moderate-Value Customers
15394.0,10,4,2183.54,2183.54,0,Regular / Moderate-Value Customers
15395.0,326,1,107.45,107.45,1,At-Risk / Low-Value Customers
15396.0,113,1,288.18,288.18,0,Regular / Moderate-Value Customers
15397.0,290,1,94.0,94.0,1,At-Risk / Low-Value Customers
15398.0,16,2,1345.53,1345.53,0,Regular / Moderate-Value Customers
15399.0,1,3,815.77,815.77,0,Regular / Moderate-Value Customers
15400.0,92,5,716.2,716.2,0,Regular / Moderate-Value Customers
15402.0,149,2,626.77,626.77,1,At-Risk / Low-Value Customers
15405.0,189,1,349.1,349.1,1,At-Risk / Low-Value Customers
15406.0,31,2,510.71000000000004,510.71000000000004,0,Regular / Moderate-Value Customers
15407.0,34,4,1046.74,1046.74,0,Regular / Moderate-Value Customers
15408.0,264,1,267.18,267.18,1,At-Risk / Low-Value Customers
15410.0,84,8,3450.84,3450.84,0,Regular / Moderate-Value Customers
15411.0,26,4,1348.93,1348.93,0,Regular / Moderate-Value Customers
15412.0,171,1,190.53,190.53,1,At-Risk / Low-Value Customers
15414.0,10,3,774.9000000000001,774.9000000000001,0,Regular / Moderate-Value Customers
15415.0,313,1,559.61,559.61,1,At-Risk / Low-Value Customers
15416.0,65,4,3984.32,3984.32,0,Regular / Moderate-Value Customers
15417.0,85,1,508.8,508.8,0,Regular / Moderate-Value Customers
15419.0,25,1,135.86,135.86,0,Regular / Moderate-Value Customers
15421.0,59,4,950.36,950.36,0,Regular / Moderate-Value Customers
15422.0,323,2,97.7,97.7,1,At-Risk / Low-Value Customers
15423.0,38,1,43.5,43.5,0,Regular / Moderate-Value Customers
15424.0,254,2,383.34,383.34,1,At-Risk / Low-Value Customers
15426.0,19,5,1404.07,1404.07,0,Regular / Moderate-Value Customers
15427.0,33,3,1430.54,1430.54,0,Regular / Moderate-Value Customers
15428.0,15,1,93.78,93.78,0,Regular / Moderate-Value Customers
15429.0,27,2,397.35,397.35,0,Regular / Moderate-Value Customers
15432.0,23,1,171.19,171.19,0,Regular / Moderate-Value Customers
15433.0,214,2,533.3,533.3,1,At-Risk / Low-Value Customers
15434.0,8,5,1041.48,1041.48,0,Regular / Moderate-Value Customers
15435.0,22,1,149.29,149.29,0,Regular / Moderate-Value Customers
15436.0,12,3,1067.75,1067.75,0,Regular / Moderate-Value Customers
15437.0,262,1,200.16,200.16,1,At-Risk / Low-Value Customers
15438.0,131,1,156.57999999999998,156.57999999999998,0,Regular / Moderate-Value Customers
15440.0,55,3,383.68,383.68,0,Regular / Moderate-Value Customers
15442.0,249,1,594.0,594.0,1,At-Risk / Low-Value Customers
15443.0,2,7,3213.59,3213.59,0,Regular / Moderate-Value Customers
15444.0,9,2,1411.21,1411.21,0,Regular / Moderate-Value Customers
15445.0,264,1,113.5,113.5,1,At-Risk / Low-Value Customers
15447.0,331,1,155.17,155.17,1,At-Risk / Low-Value Customers
15448.0,313,1,494.64,494.64,1,At-Risk / Low-Value Customers
15449.0,26,3,974.52,974.52,0,Regular / Moderate-Value Customers
15450.0,30,1,429.84,429.84,0,Regular / Moderate-Value Customers
15452.0,30,3,528.48,528.48,0,Regular / Moderate-Value Customers
15453.0,2,7,1371.77,1371.77,0,Regular / Moderate-Value Customers
15454.0,362,1,179.1,179.1,1,At-Risk / Low-Value Customers
15456.0,283,3,434.59000000000003,434.59000000000003,1,At-Risk / Low-Value Customers
15457.0,262,1,237.07,237.07,1,At-Risk / Low-Value Customers
15458.0,25,1,161.64,161.64,0,Regular / Moderate-Value Customers
15460.0,354,1,214.26,214.26,1,At-Risk / Low-Value Customers
15462.0,94,3,234.6,234.6,0,Regular / Moderate-Value Customers
15463.0,29,1,126.14,126.14,0,Regular / Moderate-Value Customers
15464.0,338,1,1044.65,1044.65,1,At-Risk / Low-Value Customers
15465.0,20,18,7354.62,7354.62,3,Loyal / Valuable Customers
15466.0,85,1,334.53,334.53,0,Regular / Moderate-Value Customers
15467.0,9,3,524.88,524.88,0,Regular / Moderate-Value Customers
15468.0,51,2,467.51,467.51,0,Regular / Moderate-Value Customers
15469.0,50,2,538.55,538.55,0,Regular / Moderate-Value Customers
15471.0,2,1,454.48,454.48,0,Regular / Moderate-Value Customers
15472.0,113,1,371.56,371.56,0,Regular / Moderate-Value Customers
15473.0,14,7,1771.2,1771.2,0,Regular / Moderate-Value Customers
15475.0,77,1,454.10999999999996,454.10999999999996,0,Regular / Moderate-Value Customers
15478.0,40,2,1399.92,1399.92,0,Regular / Moderate-Value Customers
15480.0,116,1,905.5,905.5,0,Regular / Moderate-Value Customers
15482.0,16,12,10879.76,10879.76,3,Loyal / Valuable Customers
15483.0,161,4,225.26,225.26,1,At-Risk / Low-Value Customers
15484.0,1,4,3590.41,3590.41,0,Regular / Moderate-Value Customers
15485.0,30,3,2564.5,2564.5,0,Regular / Moderate-Value Customers
15488.0,93,1,91.32000000000001,91.32000000000001,0,Regular / Moderate-Value Customers
15489.0,23,3,1134.28,1134.28,0,Regular / Moderate-Value Customers
15491.0,95,6,3100.09,3100.09,0,Regular / Moderate-Value Customers
15492.0,28,2,659.4599999999999,659.4599999999999,0,Regular / Moderate-Value Customers
15493.0,33,5,1953.41,1953.41,0,Regular / Moderate-Value Customers
15494.0,21,2,1280.58,1280.58,0,Regular / Moderate-Value Customers
15497.0,18,2,1262.2,1262.2,0,Regular / Moderate-Value Customers
15498.0,3,27,13316.4,13316.4,3,Loyal / Valuable Customers
15500.0,8,4,1131.56,1131.56,0,Regular / Moderate-Value Customers
15502.0,16,12,10384.93,10384.93,3,Loyal / Valuable Customers
15503.0,363,1,141.04,141.04,1,At-Risk / Low-Value Customers
15504.0,81,1,52.83,52.83,0,Regular / Moderate-Value Customers
15505.0,53,5,3610.96,3610.96,0,Regular / Moderate-Value Customers
15506.0,23,3,972.08,972.08,0,Regular / Moderate-Value Customers
15507.0,172,1,475.86,475.86,1,At-Risk / Low-Value Customers
15508.0,189,6,1000.27,1000.27,1,At-Risk / Low-Value Customers
15510.0,331,1,250.0,250.0,1,At-Risk / Low-Value Customers
15511.0,12,5,900.53,900.53,0,Regular / Moderate-Value Customers
15512.0,156,2,121.0,121.0,1,At-Risk / Low-Value Customers
15513.0,33,19,14758.220000000001,14758.220000000001,3,Loyal / Valuable Customers
15514.0,12,11,4023.7200000000003,4023.7200000000003,0,Regular / Moderate-Value Customers
15516.0,45,3,62.43,62.43,0,Regular / Moderate-Value Customers
15517.0,233,1,267.03,267.03,1,At-Risk / Low-Value Customers
15518.0,64,8,1921.55,1921.55,0,Regular / Moderate-Value Customers
15520.0,2,1,343.5,343.5,0,Regular / Moderate-Value Customers
15521.0,40,8,3000.2,3000.2,0,Regular / Moderate-Value Customers
15522.0,33,2,397.99,397.99,0,Regular / Moderate-Value Customers
15523.0,84,1,412.01000000000005,412.01000000000005,0,Regular / Moderate-Value Customers
15524.0,25,1,440.0,440.0,0,Regular / Moderate-Value Customers
15525.0,2,3,734.37,734.37,0,Regular / Moderate-Value Customers
15526.0,33,2,148.44,148.44,0,Regular / Moderate-Value Customers
15527.0,19,8,2428.53,2428.53,0,Regular / Moderate-Value Customers
15528.0,254,1,229.33,229.33,1,At-Risk / Low-Value Customers
15529.0,23,11,3962.6,3962.6,0,Regular / Moderate-Value Customers
15530.0,22,4,1497.31,1497.31,0,Regular / Moderate-Value Customers
15531.0,8,2,1972.39,1972.39,0,Regular / Moderate-Value Customers
15532.0,25,4,1564.73,1564.73,0,Regular / Moderate-Value Customers
15533.0,19,3,807.57,807.57,0,Regular / Moderate-Value Customers
15535.0,173,4,502.9,502.9,1,At-Risk / Low-Value Customers
15537.0,163,1,110.92,110.92,1,At-Risk / Low-Value Customers
15539.0,7,1,538.46,538.46,0,Regular / Moderate-Value Customers
15540.0,11,1,213.3,213.3,0,Regular / Moderate-Value Customers
15541.0,114,1,85.13000000000001,85.13000000000001,0,Regular / Moderate-Value Customers
15543.0,288,1,127.86,127.86,1,At-Risk / Low-Value Customers
15544.0,9,9,3546.71,3546.71,0,Regular / Moderate-Value Customers
15545.0,54,2,288.96999999999997,288.96999999999997,0,Regular / Moderate-Value Customers
15547.0,7,14,4910.6,4910.6,3,Loyal / Valuable Customers
15549.0,77,3,1681.46,1681.46,0,Regular / Moderate-Value Customers
15550.0,4,4,575.63,575.63,0,Regular / Moderate-Value Customers
15551.0,37,1,436.06,436.06,0,Regular / Moderate-Value Customers
15552.0,217,1,90.12,90.12,1,At-Risk / Low-Value Customers
15553.0,60,1,428.93,428.93,0,Regular / Moderate-Value Customers
15554.0,278,1,217.2,217.2,1,At-Risk / Low-Value Customers
15555.0,12,16,4794.86,4794.86,3,Loyal / Valuable Customers
15556.0,24,1,279.77,279.77,0,Regular / Moderate-Value Customers
15557.0,29,1,468.91,468.91,0,Regular / Moderate-Value Customers
15561.0,12,4,800.59,800.59,0,Regular / Moderate-Value Customers
15562.0,352,1,134.55,134.55,1,At-Risk / Low-Value Customers
15563.0,22,4,1400.44,1400.44,0,Regular / Moderate-Value Customers
15565.0,50,2,173.16,173.16,0,Regular / Moderate-Value Customers
15567.0,19,1,186.01,186.01,0,Regular / Moderate-Value Customers
15568.0,3,3,758.29,758.29,0,Regular / Moderate-Value Customers
15569.0,104,5,1375.71,1375.71,0,Regular / Moderate-Value Customers
15570.0,7,12,4148.82,4148.82,0,Regular / Moderate-Value Customers
15571.0,12,4,650.4300000000001,650.4300000000001,0,Regular / Moderate-Value Customers
15572.0,5,7,2533.42,2533.42,0,Regular / Moderate-Value Customers
15573.0,32,2,591.1899999999999,591.1899999999999,0,Regular / Moderate-Value Customers
15574.0,178,4,675.64,675.64,1,At-Risk / Low-Value Customers
15576.0,38,1,921.37,921.37,0,Regular / Moderate-Value Customers
15577.0,151,3,258.88,258.88,1,At-Risk / Low-Value Customers
15578.0,162,1,127.1,127.1,1,At-Risk / Low-Value Customers
15579.0,69,2,327.6,327.6,0,Regular / Moderate-Value Customers
15581.0,121,13,3675.77,3675.77,0,Regular / Moderate-Value Customers
15582.0,25,3,682.9100000000001,682.9100000000001,0,Regular / Moderate-Value Customers
15584.0,24,4,720.86,720.86,0,Regular / Moderate-Value Customers
15585.0,177,1,455.3,455.3,1,At-Risk / Low-Value Customers
15587.0,50,4,913.6800000000001,913.6800000000001,0,Regular / Moderate-Value Customers
15589.0,256,3,478.53000000000003,478.53000000000003,1,At-Risk / Low-Value Customers
15592.0,47,1,388.58,388.58,0,Regular / Moderate-Value Customers
15593.0,71,1,199.8,199.8,0,Regular / Moderate-Value Customers
15594.0,16,5,1771.78,1771.78,0,Regular / Moderate-Value Customers
15596.0,101,5,1406.59,1406.59,0,Regular / Moderate-Value Customers
15597.0,35,1,324.57,324.57,0,Regular / Moderate-Value Customers
15598.0,53,1,240.68,240.68,0,Regular / Moderate-Value Customers
15599.0,27,2,761.74,761.74,0,Regular / Moderate-Value Customers
15601.0,11,14,6776.56,6776.56,3,Loyal / Valuable Customers
15602.0,8,9,1297.8700000000001,1297.8700000000001,0,Regular / Moderate-Value Customers
15603.0,79,1,48.480000000000004,48.480000000000004,0,Regular / Moderate-Value Customers
15604.0,52,1,216.39,216.39,0,Regular / Moderate-Value Customers
15605.0,36,5,1198.23,1198.23,0,Regular / Moderate-Value Customers
15606.0,61,9,2920.16,2920.16,0,Regular / Moderate-Value Customers
15607.0,337,1,104.76,104.76,1,At-Risk / Low-Value Customers
15608.0,28,4,1093.68,1093.68,0,Regular / Moderate-Value Customers
15609.0,184,1,298.48,298.48,1,At-Risk / Low-Value Customers
15610.0,52,1,112.46000000000001,112.46000000000001,0,Regular / Moderate-Value Customers
15611.0,10,13,1591.45,1591.45,0,Regular / Moderate-Value Customers
15612.0,36,2,195.15,195.15,0,Regular / Moderate-Value Customers
15615.0,10,23,10399.74,10399.74,3,Loyal / Valuable Customers
15618.0,33,4,776.851,776.851,0,Regular / Moderate-Value Customers
15619.0,11,1,336.40000000000003,336.40000000000003,0,Regular / Moderate-Value Customers
15620.0,57,3,1553.18,1553.18,0,Regular / Moderate-Value Customers
15621.0,4,4,1293.03,1293.03,0,Regular / Moderate-Value Customers
15622.0,43,9,3709.56,3709.56,0,Regular / Moderate-Value Customers
15623.0,141,1,301.03,301.03,0,Regular / Moderate-Value Customers
15624.0,117,4,588.13,588.13,0,Regular / Moderate-Value Customers
15625.0,104,4,1534.26,1534.26,0,Regular / Moderate-Value Customers
15626.0,75,2,675.8,675.8,0,Regular / Moderate-Value Customers
15628.0,5,9,2870.2400000000002,2870.2400000000002,0,Regular / Moderate-Value Customers
15630.0,45,2,1186.35,1186.35,0,Regular / Moderate-Value Customers
15632.0,16,8,3285.31,3285.31,0,Regular / Moderate-Value Customers
15634.0,17,1,243.55,243.55,0,Regular / Moderate-Value Customers
15636.0,90,2,724.76,724.76,0,Regular / Moderate-Value Customers
15637.0,53,1,223.36,223.36,0,Regular / Moderate-Value Customers
15639.0,134,1,425.32,425.32,0,Regular / Moderate-Value Customers
15640.0,4,15,12416.11,12416.11,3,Loyal / Valuable Customers
15641.0,105,4,1887.2,1887.2,0,Regular / Moderate-Value Customers
15643.0,192,3,664.0,664.0,1,At-Risk / Low-Value Customers
15644.0,166,4,803.54,803.54,1,At-Risk / Low-Value Customers
15645.0,19,1,612.01,612.01,0,Regular / Moderate-Value Customers
15646.0,158,3,447.64000000000004,447.64000000000004,1,At-Risk / Low-Value Customers
15648.0,204,2,639.5,639.5,1,At-Risk / Low-Value Customers
15649.0,336,2,816.0,816.0,1,At-Risk / Low-Value Customers
15651.0,37,3,646.3,646.3,0,Regular / Moderate-Value Customers
15652.0,91,1,337.74,337.74,0,Regular / Moderate-Value Customers
15653.0,93,2,877.4399999999999,877.4399999999999,0,Regular / Moderate-Value Customers
15654.0,9,2,922.53,922.53,0,Regular / Moderate-Value Customers
15655.0,243,1,560.67,560.67,1,At-Risk / Low-Value Customers
15656.0,45,4,748.5,748.5,0,Regular / Moderate-Value Customers
15657.0,23,1,30.0,30.0,0,Regular / Moderate-Value Customers
15658.0,190,5,1024.1000000000001,1024.1000000000001,1,At-Risk / Low-Value Customers
15659.0,44,1,306.45,306.45,0,Regular / Moderate-Value Customers
15660.0,25,9,1600.86,1600.86,0,Regular / Moderate-Value Customers
15661.0,317,2,309.8,309.8,1,At-Risk / Low-Value Customers
15663.0,106,1,138.14,138.14,0,Regular / Moderate-Value Customers
15664.0,51,1,386.43,386.43,0,Regular / Moderate-Value Customers
15665.0,168,2,2222.21,2222.21,1,At-Risk / Low-Value Customers
15667.0,40,1,301.32,301.32,0,Regular / Moderate-Value Customers
15668.0,218,1,76.32000000000001,76.32000000000001,1,At-Risk / Low-Value Customers
15669.0,40,4,684.34,684.34,0,Regular / Moderate-Value Customers
15670.0,297,1,173.05,173.05,1,At-Risk / Low-Value Customers
15671.0,19,7,2657.13,2657.13,0,Regular / Moderate-Value Customers
15673.0,88,4,2726.23,2726.23,0,Regular / Moderate-Value Customers
15674.0,73,5,2446.6,2446.6,0,Regular / Moderate-Value Customers
15675.0,81,3,323.69,323.69,0,Regular / Moderate-Value Customers
15676.0,19,3,3435.76,3435.76,0,Regular / Moderate-Value Customers
15677.0,49,1,657.23,657.23,0,Regular / Moderate-Value Customers
15678.0,53,1,352.7,352.7,0,Regular / Moderate-Value Customers
15679.0,24,4,781.28,781.28,0,Regular / Moderate-Value Customers
15680.0,9,3,1333.68,1333.68,0,Regular / Moderate-Value Customers
15681.0,25,5,1426.16,1426.16,0,Regular / Moderate-Value Customers
15683.0,117,1,193.75,193.75,0,Regular / Moderate-Value Customers
15687.0,9,9,2993.1,2993.1,0,Regular / Moderate-Value Customers
15689.0,120,2,254.1,254.1,0,Regular / Moderate-Value Customers
15690.0,4,2,239.76,239.76,0,Regular / Moderate-Value Customers
15691.0,252,1,136.8,136.8,1,At-Risk / Low-Value Customers
15692.0,28,1,191.04,191.04,0,Regular / Moderate-Value Customers
15694.0,1,14,6479.4,6479.4,3,Loyal / Valuable Customers
15695.0,267,2,409.98,409.98,1,At-Risk / Low-Value Customers
15696.0,33,8,2711.11,2711.11,0,Regular / Moderate-Value Customers
15699.0,18,1,309.65,309.65,0,Regular / Moderate-Value Customers
15700.0,172,2,696.68,696.68,1,At-Risk / Low-Value Customers
15701.0,2,4,1529.0,1529.0,0,Regular / Moderate-Value Customers
15703.0,265,1,211.5,211.5,1,At-Risk / Low-Value Customers
15704.0,140,4,2293.62,2293.62,0,Regular / Moderate-Value Customers
15705.0,201,1,143.1,143.1,1,At-Risk / Low-Value Customers
15706.0,64,4,1060.56,1060.56,0,Regular / Moderate-Value Customers
15707.0,35,4,916.98,916.98,0,Regular / Moderate-Value Customers
15708.0,41,7,3235.25,3235.25,0,Regular / Moderate-Value Customers
15709.0,284,1,133.25,133.25,1,At-Risk / Low-Value Customers
15712.0,9,5,1072.3600000000001,1072.3600000000001,0,Regular / Moderate-Value Customers
15713.0,143,2,356.7,356.7,0,Regular / Moderate-Value Customers
15714.0,12,2,330.03000000000003,330.03000000000003,0,Regular / Moderate-Value Customers
15716.0,146,4,1101.1100000000001,1101.1100000000001,0,Regular / Moderate-Value Customers
15717.0,234,1,150.3,150.3,1,At-Risk / Low-Value Customers
15719.0,33,13,5030.07,5030.07,0,Regular / Moderate-Value Customers
15720.0,24,1,598.73,598.73,0,Regular / Moderate-Value Customers
15721.0,12,1,471.40000000000003,471.40000000000003,0,Regular / Moderate-Value Customers
15722.0,36,5,2211.21,2211.21,0,Regular / Moderate-Value Customers
15723.0,365,1,190.7,190.7,1,At-Risk / Low-Value Customers
15724.0,201,2,218.25,218.25,1,At-Risk / Low-Value Customers
15725.0,15,1,415.25,415.25,0,Regular / Moderate-Value Customers
15727.0,17,7,5159.06,5159.06,0,Regular / Moderate-Value Customers
15729.0,213,1,85.0,85.0,1,At-Risk / Low-Value Customers
15730.0,66,3,1120.88,1120.88,0,Regular / Moderate-Value Customers
15732.0,212,2,294.12,294.12,1,At-Risk / Low-Value Customers
15733.0,283,1,162.3,162.3,1,At-Risk / Low-Value Customers
15734.0,115,2,1339.45,1339.45,0,Regular / Moderate-Value Customers
15737.0,15,8,1188.1200000000001,1188.1200000000001,0,Regular / Moderate-Value Customers
15738.0,19,16,4812.42,4812.42,3,Loyal / Valuable Customers
15739.0,66,1,449.12,449.12,0,Regular / Moderate-Value Customers
15740.0,49,1,154.88,154.88,0,Regular / Moderate-Value Customers
15743.0,16,4,775.96,775.96,0,Regular / Moderate-Value Customers
15744.0,78,1,34.8,34.8,0,Regular / Moderate-Value Customers
15745.0,19,4,1094.59,1094.59,0,Regular / Moderate-Value Customers
15746.0,134,1,196.88,196.88,0,Regular / Moderate-Value Customers
15747.0,13,3,946.64,946.64,0,Regular / Moderate-Value Customers
15748.0,40,1,144.36,144.36,0,Regular / Moderate-Value Customers
15749.0,235,3,44534.3,44534.3,3,Loyal / Valuable Customers
15750.0,3,8,2463.05,2463.05,0,Regular / Moderate-Value Customers
15752.0,40,7,2626.6,2626.6,0,Regular / Moderate-Value Customers
15753.0,305,1,79.2,79.2,1,At-Risk / Low-Value Customers
15754.0,51,3,458.57,458.57,0,Regular / Moderate-Value Customers
15755.0,10,6,2364.25,2364.25,0,Regular / Moderate-Value Customers
15756.0,61,4,528.01,528.01,0,Regular / Moderate-Value Customers
15757.0,66,2,714.42,714.42,0,Regular / Moderate-Value Customers
15758.0,25,1,205.25,205.25,0,Regular / Moderate-Value Customers
15759.0,218,3,253.04,253.04,1,At-Risk / Low-Value Customers
15762.0,65,2,583.75,583.75,0,Regular / Moderate-Value Customers
15763.0,32,2,1086.92,1086.92,0,Regular / Moderate-Value Customers
15764.0,88,6,3279.97,3279.97,0,Regular / Moderate-Value Customers
15766.0,64,1,315.06,315.06,0,Regular / Moderate-Value Customers
15768.0,116,3,621.8299999999999,621.8299999999999,0,Regular / Moderate-Value Customers
15769.0,7,26,56252.72,56252.72,3,Loyal / Valuable Customers
15773.0,6,1,635.6800000000001,635.6800000000001,0,Regular / Moderate-Value Customers
15774.0,69,1,270.8,270.8,0,Regular / Moderate-Value Customers
15775.0,245,1,104.9,104.9,1,At-Risk / Low-Value Customers
15776.0,133,1,241.62,241.62,0,Regular / Moderate-Value Customers
15777.0,241,4,1047.11,1047.11,1,At-Risk / Low-Value Customers
15780.0,184,3,475.28000000000003,475.28000000000003,1,At-Risk / Low-Value Customers
15781.0,25,3,345.46,345.46,0,Regular / Moderate-Value Customers
15782.0,10,3,2614.7400000000002,2614.7400000000002,0,Regular / Moderate-Value Customers
15783.0,11,1,246.3,246.3,0,Regular / Moderate-Value Customers
15785.0,33,5,2328.9700000000003,2328.9700000000003,0,Regular / Moderate-Value Customers
15786.0,46,3,4919.0,4919.0,0,Regular / Moderate-Value Customers
15787.0,26,3,933.26,933.26,0,Regular / Moderate-Value Customers
15789.0,358,1,351.3,351.3,1,At-Risk / Low-Value Customers
15790.0,10,1,218.75,218.75,0,Regular / Moderate-Value Customers
15791.0,44,2,1612.69,1612.69,0,Regular / Moderate-Value Customers
15793.0,15,3,965.61,965.61,0,Regular / Moderate-Value Customers
15795.0,150,1,610.01,610.01,1,At-Risk / Low-Value Customers
15796.0,1,8,2708.61,2708.61,0,Regular / Moderate-Value Customers
15797.0,113,4,2207.4,2207.4,0,Regular / Moderate-Value Customers
15799.0,76,3,884.14,884.14,0,Regular / Moderate-Value Customers
15800.0,107,2,696.89,696.89,0,Regular / Moderate-Value Customers
15801.0,46,3,1063.95,1063.95,0,Regular / Moderate-Value Customers
15802.0,143,1,451.42,451.42,1,At-Risk / Low-Value Customers
15803.0,51,1,415.82000000000005,415.82000000000005,0,Regular / Moderate-Value Customers
15804.0,1,13,4206.39,4206.39,0,Regular / Moderate-Value Customers
15805.0,23,17,5488.18,5488.18,3,Loyal / Valuable Customers
15806.0,46,3,784.58,784.58,0,Regular / Moderate-Value Customers
15807.0,50,3,903.9,903.9,0,Regular / Moderate-Value Customers
15808.0,306,4,3651.27,3651.27,1,At-Risk / Low-Value Customers
15809.0,36,5,515.77,515.77,0,Regular / Moderate-Value Customers
15810.0,79,4,1391.98,1391.98,0,Regular / Moderate-Value Customers
15811.0,22,6,2218.62,2218.62,0,Regular / Moderate-Value Customers
15812.0,107,5,1801.14,1801.14,0,Regular / Moderate-Value Customers
15813.0,208,2,1303.9099999999999,1303.9099999999999,1,At-Risk / Low-Value Customers
15814.0,17,4,1945.33,1945.33,0,Regular / Moderate-Value Customers
15815.0,64,5,2100.6,2100.6,0,Regular / Moderate-Value Customers
15819.0,49,4,1905.45,1905.45,0,Regular / Moderate-Value Customers
15820.0,320,1,206.98,206.98,1,At-Risk / Low-Value Customers
15821.0,44,2,570.96,570.96,0,Regular / Moderate-Value Customers
15822.0,3,2,885.47,885.47,0,Regular / Moderate-Value Customers
15823.0,372,1,15.0,15.0,1,At-Risk / Low-Value Customers
15825.0,172,1,532.94,532.94,1,At-Risk / Low-Value Customers
15826.0,56,3,1654.31,1654.31,0,Regular / Moderate-Value Customers
15827.0,73,14,1836.0900000000001,1836.0900000000001,0,Regular / Moderate-Value Customers
15829.0,99,2,636.14,636.14,0,Regular / Moderate-Value Customers
15830.0,38,1,576.0,576.0,0,Regular / Moderate-Value Customers
15831.0,58,3,794.64,794.64,0,Regular / Moderate-Value Customers
15832.0,254,1,836.79,836.79,1,At-Risk / Low-Value Customers
15834.0,70,4,2225.15,2225.15,0,Regular / Moderate-Value Customers
15835.0,44,4,954.09,954.09,0,Regular / Moderate-Value Customers
15836.0,50,1,137.37,137.37,0,Regular / Moderate-Value Customers
15837.0,65,1,391.98,391.98,0,Regular / Moderate-Value Customers
15838.0,11,19,33643.08,33643.08,3,Loyal / Valuable Customers
15839.0,33,3,1048.49,1048.49,0,Regular / Moderate-Value Customers
15840.0,59,2,355.56,355.56,0,Regular / Moderate-Value Customers
15841.0,73,4,1224.06,1224.06,0,Regular / Moderate-Value Customers
15843.0,304,1,118.95000000000002,118.95000000000002,1,At-Risk / Low-Value Customers
15844.0,46,1,130.73999999999998,130.73999999999998,0,Regular / Moderate-Value Customers
15845.0,18,8,3711.77,3711.77,0,Regular / Moderate-Value Customers
15847.0,38,2,389.27,389.27,0,Regular / Moderate-Value Customers
15850.0,19,2,234.88,234.88,0,Regular / Moderate-Value Customers
15852.0,187,2,160.71,160.71,1,At-Risk / Low-Value Customers
15853.0,52,1,110.8,110.8,0,Regular / Moderate-Value Customers
15854.0,4,12,2969.12,2969.12,0,Regular / Moderate-Value Customers
15855.0,137,5,712.24,712.24,0,Regular / Moderate-Value Customers
15856.0,4,27,16143.64,16143.64,3,Loyal / Valuable Customers
15857.0,19,1,297.0,297.0,0,Regular / Moderate-Value Customers
15858.0,16,5,1427.57,1427.57,0,Regular / Moderate-Value Customers
15860.0,41,8,965.16,965.16,0,Regular / Moderate-Value Customers
15861.0,12,8,3146.92,3146.92,0,Regular / Moderate-Value Customers
15862.0,8,4,832.88,832.88,0,Regular / Moderate-Value Customers
15863.0,26,2,68.84,68.84,0,Regular / Moderate-Value Customers
15864.0,22,6,1936.3200000000002,1936.3200000000002,0,Regular / Moderate-Value Customers
15865.0,41,3,895.13,895.13,0,Regular / Moderate-Value Customers
15866.0,101,1,211.89,211.89,0,Regular / Moderate-Value Customers
15867.0,5,15,3810.14,3810.14,3,Loyal / Valuable Customers
15869.0,277,2,149.64,149.64,1,At-Risk / Low-Value Customers
15870.0,33,1,351.44,351.44,0,Regular / Moderate-Value Customers
15872.0,15,2,316.25,316.25,0,Regular / Moderate-Value Customers
15874.0,64,7,4405.88,4405.88,0,Regular / Moderate-Value Customers
15877.0,2,2,490.33,490.33,0,Regular / Moderate-Value Customers
15880.0,369,1,329.03000000000003,329.03000000000003,1,At-Risk / Low-Value Customers
15881.0,312,5,501.39000000000004,501.39000000000004,1,At-Risk / Low-Value Customers
15882.0,199,4,516.36,516.36,1,At-Risk / Low-Value Customers
15883.0,2,2,396.48,396.48,0,Regular / Moderate-Value Customers
15885.0,93,3,379.35,379.35,0,Regular / Moderate-Value Customers
15886.0,60,1,181.09,181.09,0,Regular / Moderate-Value Customers
15888.0,81,1,168.31,168.31,0,Regular / Moderate-Value Customers
15889.0,157,2,420.07,420.07,1,At-Risk / Low-Value Customers
15891.0,227,1,511.68,511.68,1,At-Risk / Low-Value Customers
15894.0,253,2,258.25,258.25,1,At-Risk / Low-Value Customers
15895.0,150,1,179.17,179.17,1,At-Risk / Low-Value Customers
15897.0,194,2,208.59,208.59,1,At-Risk / Low-Value Customers
15898.0,1,5,1383.83,1383.83,0,Regular / Moderate-Value Customers
15899.0,369,1,56.25,56.25,1,At-Risk / Low-Value Customers
15900.0,24,1,337.28,337.28,0,Regular / Moderate-Value Customers
15901.0,17,3,351.73,351.73,0,Regular / Moderate-Value Customers
15903.0,10,7,5126.76,5126.76,0,Regular / Moderate-Value Customers
15904.0,8,1,164.68,164.68,0,Regular / Moderate-Value Customers
15906.0,20,7,1567.69,1567.69,0,Regular / Moderate-Value Customers
15907.0,4,3,882.72,882.72,0,Regular / Moderate-Value Customers
15909.0,174,1,191.94,191.94,1,At-Risk / Low-Value Customers
15910.0,1,8,1228.88,1228.88,0,Regular / Moderate-Value Customers
15912.0,178,2,264.62,264.62,1,At-Risk / Low-Value Customers
15916.0,16,8,1502.8600000000001,1502.8600000000001,0,Regular / Moderate-Value Customers
15917.0,248,1,123.1,123.1,1,At-Risk / Low-Value Customers
15918.0,191,2,334.23,334.23,1,At-Risk / Low-Value Customers
15919.0,20,2,525.69,525.69,0,Regular / Moderate-Value Customers
15920.0,154,4,167.5,167.5,1,At-Risk / Low-Value Customers
15921.0,173,1,323.03000000000003,323.03000000000003,1,At-Risk / Low-Value Customers
15922.0,373,1,369.5,369.5,1,At-Risk / Low-Value Customers
15923.0,373,1,127.08,127.08,1,At-Risk / Low-Value Customers
15925.0,194,1,207.15,207.15,1,At-Risk / Low-Value Customers
15930.0,67,1,426.63,426.63,0,Regular / Moderate-Value Customers
15932.0,4,8,2495.87,2495.87,0,Regular / Moderate-Value Customers
15933.0,21,3,1107.46,1107.46,0,Regular / Moderate-Value Customers
15935.0,239,2,416.86,416.86,1,At-Risk / Low-Value Customers
15937.0,64,1,145.35,145.35,0,Regular / Moderate-Value Customers
15938.0,112,5,404.58,404.58,0,Regular / Moderate-Value Customers
15939.0,90,15,6115.01,6115.01,3,Loyal / Valuable Customers
15940.0,311,1,35.8,35.8,1,At-Risk / Low-Value Customers
15942.0,134,1,337.44,337.44,0,Regular / Moderate-Value Customers
15944.0,277,1,325.1,325.1,1,At-Risk / Low-Value Customers
15945.0,365,1,181.0,181.0,1,At-Risk / Low-Value Customers
15947.0,83,1,1708.24,1708.24,0,Regular / Moderate-Value Customers
15948.0,8,2,955.24,955.24,0,Regular / Moderate-Value Customers
15949.0,17,2,364.72,364.72,0,Regular / Moderate-Value Customers
15950.0,32,4,1744.71,1744.71,0,Regular / Moderate-Value Customers
15951.0,9,2,708.22,708.22,0,Regular / Moderate-Value Customers
15952.0,34,4,781.91,781.91,0,Regular / Moderate-Value Customers
15953.0,15,8,1657.28,1657.28,0,Regular / Moderate-Value Customers
15955.0,24,14,4416.26,4416.26,0,Regular / Moderate-Value Customers
15957.0,32,1,428.89,428.89,0,Regular / Moderate-Value Customers
15958.0,74,1,104.35,104.35,0,Regular / Moderate-Value Customers
15963.0,20,2,470.76,470.76,0,Regular / Moderate-Value Customers
15965.0,17,4,808.87,808.87,0,Regular / Moderate-Value Customers
15967.0,23,2,397.68,397.68,0,Regular / Moderate-Value Customers
15969.0,3,3,666.1,666.1,0,Regular / Moderate-Value Customers
15970.0,304,1,314.1,314.1,1,At-Risk / Low-Value Customers
15971.0,18,12,4199.85,4199.85,0,Regular / Moderate-Value Customers
15973.0,367,1,307.82000000000005,307.82000000000005,1,At-Risk / Low-Value Customers
15974.0,39,7,3442.15,3442.15,0,Regular / Moderate-Value Customers
15975.0,84,1,371.01,371.01,0,Regular / Moderate-Value Customers
15976.0,165,2,427.64,427.64,1,At-Risk / Low-Value Customers
15977.0,17,2,1054.73,1054.73,0,Regular / Moderate-Value Customers
15978.0,77,1,1098.78,1098.78,0,Regular / Moderate-Value Customers
15980.0,89,3,2398.86,2398.86,0,Regular / Moderate-Value Customers
15981.0,25,8,3408.48,3408.48,0,Regular / Moderate-Value Customers
15983.0,22,4,1465.12,1465.12,0,Regular / Moderate-Value Customers
15984.0,3,10,2780.63,2780.63,0,Regular / Moderate-Value Customers
15985.0,123,2,1142.42,1142.42,0,Regular / Moderate-Value Customers
15986.0,30,1,168.12,168.12,0,Regular / Moderate-Value Customers
15987.0,12,7,1432.77,1432.77,0,Regular / Moderate-Value Customers
15988.0,19,1,156.78,156.78,0,Regular / Moderate-Value Customers
15990.0,44,2,792.11,792.11,0,Regular / Moderate-Value Customers
15992.0,4,1,41.989999999999995,41.989999999999995,0,Regular / Moderate-Value Customers
15993.0,9,7,2777.67,2777.67,0,Regular / Moderate-Value Customers
15994.0,55,1,414.27,414.27,0,Regular / Moderate-Value Customers
15996.0,88,6,1032.58,1032.58,0,Regular / Moderate-Value Customers
15998.0,37,5,3080.22,3080.22,0,Regular / Moderate-Value Customers
16000.0,3,3,12393.7,12393.7,0,Regular / Moderate-Value Customers
16003.0,30,5,2735.37,2735.37,0,Regular / Moderate-Value Customers
16005.0,12,4,578.71,578.71,0,Regular / Moderate-Value Customers
16006.0,211,1,101.4,101.4,1,At-Risk / Low-Value Customers
16007.0,48,4,1693.81,1693.81,0,Regular / Moderate-Value Customers
16008.0,24,3,478.78,478.78,0,Regular / Moderate-Value Customers
16009.0,22,4,972.11,972.11,0,Regular / Moderate-Value Customers
16010.0,246,3,392.4,392.4,1,At-Risk / Low-Value Customers
16011.0,8,16,3352.96,3352.96,3,Loyal / Valuable Customers
16012.0,35,3,1415.29,1415.29,0,Regular / Moderate-Value Customers
16013.0,4,47,37130.6,37130.6,3,Loyal / Valuable Customers
16014.0,38,3,646.83,646.83,0,Regular / Moderate-Value Customers
16015.0,4,3,704.55,704.55,0,Regular / Moderate-Value Customers
16016.0,3,8,1465.51,1465.51,0,Regular / Moderate-Value Customers
16017.0,47,1,211.88,211.88,0,Regular / Moderate-Value Customers
16018.0,39,2,408.90000000000003,408.90000000000003,0,Regular / Moderate-Value Customers
16019.0,47,9,3786.2400000000002,3786.2400000000002,0,Regular / Moderate-Value Customers
16020.0,17,3,851.01,851.01,0,Regular / Moderate-Value Customers
16022.0,260,1,602.63,602.63,1,At-Risk / Low-Value Customers
16023.0,46,3,719.81,719.81,0,Regular / Moderate-Value Customers
16024.0,12,1,251.03,251.03,0,Regular / Moderate-Value Customers
16025.0,30,1,439.65999999999997,439.65999999999997,0,Regular / Moderate-Value Customers
16026.0,43,1,236.09,236.09,0,Regular / Moderate-Value Customers
16027.0,92,6,934.62,934.62,0,Regular / Moderate-Value Customers
16029.0,39,63,80850.84,80850.84,2,High-Value Customers
16030.0,310,1,331.24,331.24,1,At-Risk / Low-Value Customers
16031.0,92,2,547.9,547.9,0,Regular / Moderate-Value Customers
16033.0,6,20,8778.82,8778.82,3,Loyal / Valuable Customers
16034.0,196,3,437.7,437.7,1,At-Risk / Low-Value Customers
16036.0,87,2,758.92,758.92,0,Regular / Moderate-Value Customers
16037.0,270,3,855.02,855.02,1,At-Risk / Low-Value Customers
16038.0,8,3,471.78000000000003,471.78000000000003,0,Regular / Moderate-Value Customers
16040.0,65,3,1313.55,1313.55,0,Regular / Moderate-Value Customers
16041.0,31,3,3166.4,3166.4,0,Regular / Moderate-Value Customers
16042.0,22,5,1177.47,1177.47,0,Regular / Moderate-Value Customers
16043.0,38,4,773.99,773.99,0,Regular / Moderate-Value Customers
16045.0,120,4,1340.7,1340.7,0,Regular / Moderate-Value Customers
16048.0,373,2,256.44,256.44,1,At-Risk / Low-Value Customers
16049.0,40,3,1074.81,1074.81,0,Regular / Moderate-Value Customers
16050.0,174,1,137.9,137.9,1,At-Risk / Low-Value Customers
16052.0,54,1,362.06,362.06,0,Regular / Moderate-Value Customers
16053.0,33,2,1511.95,1511.95,0,Regular / Moderate-Value Customers
16054.0,145,1,783.9,783.9,1,At-Risk / Low-Value Customers
16055.0,221,1,134.8,134.8,1,At-Risk / Low-Value Customers
16056.0,45,1,650.75,650.75,0,Regular / Moderate-Value Customers
16057.0,16,7,2263.12,2263.12,0,Regular / Moderate-Value Customers
16059.0,66,6,1453.16,1453.16,0,Regular / Moderate-Value Customers
16062.0,10,4,1153.62,1153.62,0,Regular / Moderate-Value Customers
16063.0,260,1,335.32,335.32,1,At-Risk / Low-Value Customers
16065.0,365,1,367.14,367.14,1,At-Risk / Low-Value Customers
16066.0,17,5,1521.04,1521.04,0,Regular / Moderate-Value Customers
16070.0,22,2,852.15,852.15,0,Regular / Moderate-Value Customers
16071.0,45,1,326.24,326.24,0,Regular / Moderate-Value Customers
16072.0,288,1,584.3199999999999,584.3199999999999,1,At-Risk / Low-Value Customers
16073.0,297,1,122.39999999999999,122.39999999999999,1,At-Risk / Low-Value Customers
16076.0,3,10,2234.73,2234.73,0,Regular / Moderate-Value Customers
16078.0,284,1,79.2,79.2,1,At-Risk / Low-Value Customers
16079.0,17,3,1352.0,1352.0,0,Regular / Moderate-Value Customers
16080.0,82,2,217.16,217.16,0,Regular / Moderate-Value Customers
16081.0,56,5,2799.42,2799.42,0,Regular / Moderate-Value Customers
16083.0,101,2,1317.62,1317.62,0,Regular / Moderate-Value Customers
16084.0,299,1,436.18,436.18,1,At-Risk / Low-Value Customers
16085.0,23,5,981.51,981.51,0,Regular / Moderate-Value Customers
16086.0,59,5,1121.39,1121.39,0,Regular / Moderate-Value Customers
16091.0,155,2,315.06,315.06,1,At-Risk / Low-Value Customers
16092.0,115,3,817.86,817.86,0,Regular / Moderate-Value Customers
16093.0,107,1,17.0,17.0,0,Regular / Moderate-Value Customers
16094.0,12,4,1078.23,1078.23,0,Regular / Moderate-Value Customers
16096.0,264,1,320.62,320.62,1,At-Risk / Low-Value Customers
16097.0,240,1,185.04999999999998,185.04999999999998,1,At-Risk / Low-Value Customers
16098.0,88,7,2005.63,2005.63,0,Regular / Moderate-Value Customers
16099.0,50,3,731.9,731.9,0,Regular / Moderate-Value Customers
16101.0,71,1,1290.7,1290.7,0,Regular / Moderate-Value Customers
16102.0,42,3,1842.14,1842.14,0,Regular / Moderate-Value Customers
16103.0,7,6,1429.64,1429.64,0,Regular / Moderate-Value Customers
16104.0,62,1,298.21,298.21,0,Regular / Moderate-Value Customers
16105.0,249,1,336.96,336.96,1,At-Risk / Low-Value Customers
16106.0,66,1,108.38,108.38,0,Regular / Moderate-Value Customers
16107.0,18,7,3204.1600000000003,3204.1600000000003,0,Regular / Moderate-Value Customers
16108.0,85,1,842.5,842.5,0,Regular / Moderate-Value Customers
16109.0,219,2,611.88,611.88,1,At-Risk / Low-Value Customers
16110.0,45,3,1320.95,1320.95,0,Regular / Moderate-Value Customers
16112.0,143,4,195.73999999999998,195.73999999999998,0,Regular / Moderate-Value Customers
16113.0,183,1,161.38,161.38,1,At-Risk / Low-Value Customers
16114.0,171,1,135.75000000000003,135.75000000000003,1,At-Risk / Low-Value Customers
16115.0,10,8,1660.8799999999999,1660.8799999999999,0,Regular / Moderate-Value Customers
16116.0,212,1,612.78,612.78,1,At-Risk / Low-Value Customers
16117.0,190,1,232.21,232.21,1,At-Risk / Low-Value Customers
16119.0,8,2,423.36,423.36,0,Regular / Moderate-Value Customers
16120.0,59,4,1309.14,1309.14,0,Regular / Moderate-Value Customers
16121.0,57,2,854.66,854.66,0,Regular / Moderate-Value Customers
16122.0,73,4,684.4200000000001,684.4200000000001,0,Regular / Moderate-Value Customers
16123.0,52,1,307.78,307.78,0,Regular / Moderate-Value Customers
16124.0,317,1,249.0,249.0,1,At-Risk / Low-Value Customers
16125.0,367,1,289.35,289.35,1,At-Risk / Low-Value Customers
16126.0,29,4,6287.77,6287.77,0,Regular / Moderate-Value Customers
16127.0,39,1,656.25,656.25,0,Regular / Moderate-Value Customers
16128.0,18,5,1880.22,1880.22,0,Regular / Moderate-Value Customers
16131.0,52,6,3506.54,3506.54,0,Regular / Moderate-Value Customers
16133.0,4,33,14589.04,14589.04,3,Loyal / Valuable Customers
16134.0,22,2,618.09,618.09,0,Regular / Moderate-Value Customers
16135.0,263,1,517.55,517.55,1,At-Risk / Low-Value Customers
16136.0,60,3,709.38,709.38,0,Regular / Moderate-Value Customers
16139.0,19,3,635.41,635.41,0,Regular / Moderate-Value Customers
16140.0,66,2,725.18,725.18,0,Regular / Moderate-Value Customers
16141.0,88,1,620.4,620.4,0,Regular / Moderate-Value Customers
16142.0,250,1,535.34,535.34,1,At-Risk / Low-Value Customers
16143.0,3,6,2424.94,2424.94,0,Regular / Moderate-Value Customers
16144.0,247,1,175.2,175.2,1,At-Risk / Low-Value Customers
16145.0,9,11,3799.4900000000002,3799.4900000000002,0,Regular / Moderate-Value Customers
16146.0,157,3,734.13,734.13,1,At-Risk / Low-Value Customers
16147.0,134,1,375.0,375.0,0,Regular / Moderate-Value Customers
16148.0,296,1,76.32000000000001,76.32000000000001,1,At-Risk / Low-Value Customers
16149.0,5,2,280.52,280.52,0,Regular / Moderate-Value Customers
16150.0,43,5,2053.02,2053.02,0,Regular / Moderate-Value Customers
16152.0,269,1,1829.04,1829.04,1,At-Risk / Low-Value Customers
16153.0,50,5,1824.23,1824.23,0,Regular / Moderate-Value Customers
16156.0,9,9,3092.04,3092.04,0,Regular / Moderate-Value Customers
16157.0,16,3,656.69,656.69,0,Regular / Moderate-Value Customers
16159.0,282,1,348.2,348.2,1,At-Risk / Low-Value Customers
16160.0,65,2,1025.44,1025.44,0,Regular / Moderate-Value Customers
16161.0,2,19,5533.67,5533.67,3,Loyal / Valuable Customers
16162.0,252,1,37.4,37.4,1,At-Risk / Low-Value Customers
16163.0,232,2,856.6,856.6,1,At-Risk / Low-Value Customers
16164.0,17,3,822.48,822.48,0,Regular / Moderate-Value Customers
16168.0,11,27,3787.6,3787.6,3,Loyal / Valuable Customers
16169.0,8,4,1822.97,1822.97,0,Regular / Moderate-Value Customers
16170.0,51,6,1885.05,1885.05,0,Regular / Moderate-Value Customers
16171.0,59,1,73.2,73.2,0,Regular / Moderate-Value Customers
16172.0,95,5,1140.21,1140.21,0,Regular / Moderate-Value Customers
16173.0,16,6,1418.32,1418.32,0,Regular / Moderate-Value Customers
16174.0,126,3,1009.5500000000001,1009.5500000000001,0,Regular / Moderate-Value Customers
16175.0,94,4,1037.59,1037.59,0,Regular / Moderate-Value Customers
16177.0,50,1,331.95,331.95,0,Regular / Moderate-Value Customers
16178.0,138,1,197.9,197.9,0,Regular / Moderate-Value Customers
16179.0,61,1,215.83,215.83,0,Regular / Moderate-Value Customers
16180.0,100,8,10254.18,10254.18,0,Regular / Moderate-Value Customers
16181.0,73,1,305.54,305.54,0,Regular / Moderate-Value Customers
16182.0,72,4,6617.65,6617.65,0,Regular / Moderate-Value Customers
16183.0,67,1,338.71000000000004,338.71000000000004,0,Regular / Moderate-Value Customers
16184.0,64,6,1158.79,1158.79,0,Regular / Moderate-Value Customers
16185.0,17,2,529.41,529.41,0,Regular / Moderate-Value Customers
16186.0,23,12,4006.94,4006.94,0,Regular / Moderate-Value Customers
16187.0,32,15,6911.4400000000005,6911.4400000000005,3,Loyal / Valuable Customers
16188.0,45,4,981.86,981.86,0,Regular / Moderate-Value Customers
16189.0,16,2,215.48,215.48,0,Regular / Moderate-Value Customers
16190.0,40,1,215.08,215.08,0,Regular / Moderate-Value Customers
16191.0,3,13,5180.52,5180.52,0,Regular / Moderate-Value Customers
16193.0,237,1,314.45,314.45,1,At-Risk / Low-Value Customers
16198.0,75,1,400.68100000000004,400.68100000000004,0,Regular / Moderate-Value Customers
16200.0,4,2,1068.8700000000001,1068.8700000000001,0,Regular / Moderate-Value Customers
16201.0,3,4,1863.47,1863.47,0,Regular / Moderate-Value Customers
16202.0,361,1,365.27,365.27,1,At-Risk / Low-Value Customers
16203.0,59,4,592.9,592.9,0,Regular / Moderate-Value Customers
16204.0,23,1,384.18,384.18,0,Regular / Moderate-Value Customers
16205.0,31,4,757.63,757.63,0,Regular / Moderate-Value Customers
16206.0,55,4,537.0600000000001,537.0600000000001,0,Regular / Moderate-Value Customers
16207.0,25,1,394.38,394.38,0,Regular / Moderate-Value Customers
16208.0,45,2,664.26,664.26,0,Regular / Moderate-Value Customers
16209.0,89,5,2262.62,2262.62,0,Regular / Moderate-Value Customers
16210.0,2,18,21086.3,21086.3,3,Loyal / Valuable Customers
16211.0,89,1,547.02,547.02,0,Regular / Moderate-Value Customers
16212.0,19,2,690.34,690.34,0,Regular / Moderate-Value Customers
16213.0,79,1,159.0,159.0,0,Regular / Moderate-Value Customers
16214.0,171,3,1062.75,1062.75,1,At-Risk / Low-Value Customers
16215.0,81,1,242.35,242.35,0,Regular / Moderate-Value Customers
16216.0,267,1,914.9300000000001,914.9300000000001,1,At-Risk / Low-Value Customers
16217.0,235,2,304.25,304.25,1,At-Risk / Low-Value Customers
16218.0,30,7,3084.68,3084.68,0,Regular / Moderate-Value Customers
16221.0,37,3,860.86,860.86,0,Regular / Moderate-Value Customers
16222.0,318,1,773.5500000000001,773.5500000000001,1,At-Risk / Low-Value Customers
16224.0,57,4,1295.3,1295.3,0,Regular / Moderate-Value Customers
16225.0,45,5,1096.32,1096.32,0,Regular / Moderate-Value Customers
16226.0,203,3,255.12,255.12,1,At-Risk / Low-Value Customers
16227.0,225,1,314.22,314.22,1,At-Risk / Low-Value Customers
16229.0,87,2,1010.6,1010.6,0,Regular / Moderate-Value Customers
16230.0,190,2,542.03,542.03,1,At-Risk / Low-Value Customers
16232.0,44,4,990.88,990.88,0,Regular / Moderate-Value Customers
16233.0,71,3,536.6800000000001,536.6800000000001,0,Regular / Moderate-Value Customers
16235.0,41,5,867.31,867.31,0,Regular / Moderate-Value Customers
16236.0,78,1,432.2,432.2,0,Regular / Moderate-Value Customers
16239.0,57,2,414.2,414.2,0,Regular / Moderate-Value Customers
16240.0,24,2,3718.8,3718.8,0,Regular / Moderate-Value Customers
16241.0,10,13,2590.31,2590.31,0,Regular / Moderate-Value Customers
16242.0,8,7,3579.86,3579.86,0,Regular / Moderate-Value Customers
16243.0,34,2,409.1,409.1,0,Regular / Moderate-Value Customers
16244.0,212,2,1522.75,1522.75,1,At-Risk / Low-Value Customers
16245.0,24,3,1413.66,1413.66,0,Regular / Moderate-Value Customers
16247.0,170,1,114.56,114.56,1,At-Risk / Low-Value Customers
16248.0,62,1,152.94,152.94,0,Regular / Moderate-Value Customers
16249.0,53,5,1800.07,1800.07,0,Regular / Moderate-Value Customers
16250.0,261,2,389.44,389.44,1,At-Risk / Low-Value Customers
16253.0,67,2,3683.86,3683.86,0,Regular / Moderate-Value Customers
16255.0,17,8,2619.91,2619.91,0,Regular / Moderate-Value Customers
16256.0,267,1,752.4300000000001,752.4300000000001,1,At-Risk / Low-Value Customers
16257.0,177,1,46.95,46.95,1,At-Risk / Low-Value Customers
16258.0,45,5,5203.51,5203.51,0,Regular / Moderate-Value Customers
16260.0,51,1,1035.45,1035.45,0,Regular / Moderate-Value Customers
16261.0,17,4,728.54,728.54,0,Regular / Moderate-Value Customers
16265.0,9,9,5447.0,5447.0,0,Regular / Moderate-Value Customers
16266.0,74,7,861.89,861.89,0,Regular / Moderate-Value Customers
16268.0,71,2,667.65,667.65,0,Regular / Moderate-Value Customers
16270.0,353,1,1141.24,1141.24,1,At-Risk / Low-Value Customers
16271.0,3,5,1404.64,1404.64,0,Regular / Moderate-Value Customers
16272.0,117,1,411.7,411.7,0,Regular / Moderate-Value Customers
16274.0,373,1,351.75,351.75,1,At-Risk / Low-Value Customers
16275.0,197,1,559.87,559.87,1,At-Risk / Low-Value Customers
16276.0,177,1,810.6000000000001,810.6000000000001,1,At-Risk / Low-Value Customers
16278.0,100,1,566.38,566.38,0,Regular / Moderate-Value Customers
16279.0,21,3,1502.78,1502.78,0,Regular / Moderate-Value Customers
16281.0,72,1,2062.06,2062.06,0,Regular / Moderate-Value Customers
16282.0,340,1,168.3,168.3,1,At-Risk / Low-Value Customers
16283.0,6,5,1570.81,1570.81,0,Regular / Moderate-Value Customers
16284.0,31,2,812.68,812.68,0,Regular / Moderate-Value Customers
16287.0,170,1,142.5,142.5,1,At-Risk / Low-Value Customers
16292.0,122,1,302.25,302.25,0,Regular / Moderate-Value Customers
16293.0,22,10,2248.9900000000002,2248.9900000000002,0,Regular / Moderate-Value Customers
16295.0,10,4,1328.55,1328.55,0,Regular / Moderate-Value Customers
16297.0,269,1,301.9,301.9,1,At-Risk / Low-Value Customers
16298.0,23,3,598.2,598.2,0,Regular / Moderate-Value Customers
16302.0,127,1,233.22,233.22,0,Regular / Moderate-Value Customers
16303.0,26,3,5360.63,5360.63,0,Regular / Moderate-Value Customers
16305.0,139,1,361.21999999999997,361.21999999999997,0,Regular / Moderate-Value Customers
16306.0,214,6,632.27,632.27,1,At-Risk / Low-Value Customers
16308.0,38,4,2560.0,2560.0,0,Regular / Moderate-Value Customers
16309.0,106,2,706.57,706.57,0,Regular / Moderate-Value Customers
16311.0,18,2,616.26,616.26,0,Regular / Moderate-Value Customers
16313.0,3,2,274.15000000000003,274.15000000000003,0,Regular / Moderate-Value Customers
16315.0,331,1,226.37,226.37,1,At-Risk / Low-Value Customers
16316.0,64,8,2938.91,2938.91,0,Regular / Moderate-Value Customers
16317.0,120,3,1341.65,1341.65,0,Regular / Moderate-Value Customers
16318.0,35,1,328.15,328.15,0,Regular / Moderate-Value Customers
16319.0,218,1,404.40000000000003,404.40000000000003,1,At-Risk / Low-Value Customers
16320.0,172,2,1038.46,1038.46,1,At-Risk / Low-Value Customers
16321.0,72,5,373.65000000000003,373.65000000000003,0,Regular / Moderate-Value Customers
16322.0,1,2,326.75,326.75,0,Regular / Moderate-Value Customers
16323.0,196,1,207.50000000000003,207.50000000000003,1,At-Risk / Low-Value Customers
16324.0,128,3,408.59000000000003,408.59000000000003,0,Regular / Moderate-Value Customers
16325.0,47,3,594.24,594.24,0,Regular / Moderate-Value Customers
16326.0,6,14,3039.2200000000003,3039.2200000000003,0,Regular / Moderate-Value Customers
16327.0,14,6,3820.27,3820.27,0,Regular / Moderate-Value Customers
16330.0,18,3,251.91,251.91,0,Regular / Moderate-Value Customers
16332.0,28,7,1582.8,1582.8,0,Regular / Moderate-Value Customers
16333.0,8,22,26626.8,26626.8,3,Loyal / Valuable Customers
16337.0,37,1,151.05,151.05,0,Regular / Moderate-Value Customers
16338.0,157,1,214.79999999999998,214.79999999999998,1,At-Risk / Low-Value Customers
16339.0,284,1,94.05,94.05,1,At-Risk / Low-Value Customers
16340.0,107,1,534.31,534.31,0,Regular / Moderate-Value Customers
16341.0,25,4,1971.87,1971.87,0,Regular / Moderate-Value Customers
16342.0,75,4,322.41,322.41,0,Regular / Moderate-Value Customers
16343.0,16,2,328.58,328.58,0,Regular / Moderate-Value Customers
16344.0,158,1,101.10000000000001,101.10000000000001,1,At-Risk / Low-Value Customers
16345.0,44,1,565.46,565.46,0,Regular / Moderate-Value Customers
16347.0,11,2,847.45,847.45,0,Regular / Moderate-Value Customers
16348.0,32,7,1415.65,1415.65,0,Regular / Moderate-Value Customers
16349.0,291,1,53.5,53.5,1,At-Risk / Low-Value Customers
16350.0,21,4,1116.47,1116.47,0,Regular / Moderate-Value Customers
16351.0,333,1,153.9,153.9,1,At-Risk / Low-Value Customers
16352.0,18,2,494.44,494.44,0,Regular / Moderate-Value Customers
16353.0,4,23,6675.71,6675.71,3,Loyal / Valuable Customers
16354.0,63,2,395.8,395.8,0,Regular / Moderate-Value Customers
16356.0,198,3,211.77,211.77,1,At-Risk / Low-Value Customers
16357.0,33,3,658.88,658.88,0,Regular / Moderate-Value Customers
16358.0,1,4,2027.5,2027.5,0,Regular / Moderate-Value Customers
16359.0,7,9,1750.92,1750.92,0,Regular / Moderate-Value Customers
16360.0,5,6,3450.41,3450.41,0,Regular / Moderate-Value Customers
16361.0,10,4,891.21,891.21,0,Regular / Moderate-Value Customers
16362.0,32,5,709.99,709.99,0,Regular / Moderate-Value Customers
16363.0,53,1,109.36000000000001,109.36000000000001,0,Regular / Moderate-Value Customers
16364.0,12,2,705.79,705.79,0,Regular / Moderate-Value Customers
16365.0,18,9,1540.42,1540.42,0,Regular / Moderate-Value Customers
16366.0,19,1,327.3,327.3,0,Regular / Moderate-Value Customers
16367.0,37,2,800.67,800.67,0,Regular / Moderate-Value Customers
16368.0,2,2,479.91,479.91,0,Regular / Moderate-Value Customers
16369.0,18,3,1545.41,1545.41,0,Regular / Moderate-Value Customers
16370.0,82,4,1301.91,1301.91,0,Regular / Moderate-Value Customers
16372.0,33,2,355.73,355.73,0,Regular / Moderate-Value Customers
16374.0,66,2,466.73,466.73,0,Regular / Moderate-Value Customers
16376.0,9,2,974.96,974.96,0,Regular / Moderate-Value Customers
16377.0,267,1,676.2,676.2,1,At-Risk / Low-Value Customers
16378.0,247,3,362.95,362.95,1,At-Risk / Low-Value Customers
16379.0,4,4,2157.4,2157.4,0,Regular / Moderate-Value Customers
16380.0,61,1,1743.1499999999999,1743.1499999999999,0,Regular / Moderate-Value Customers
16383.0,75,2,643.76,643.76,0,Regular / Moderate-Value Customers
16384.0,90,2,584.5,584.5,0,Regular / Moderate-Value Customers
16385.0,60,3,554.86,554.86,0,Regular / Moderate-Value Customers
16386.0,29,2,302.57,302.57,0,Regular / Moderate-Value Customers
16387.0,323,1,94.36,94.36,1,At-Risk / Low-Value Customers
16389.0,53,4,1382.07,1382.07,0,Regular / Moderate-Value Customers
16392.0,270,1,217.89,217.89,1,At-Risk / Low-Value Customers
16393.0,2,13,3040.96,3040.96,0,Regular / Moderate-Value Customers
16394.0,57,5,1555.34,1555.34,0,Regular / Moderate-Value Customers
16395.0,61,5,1482.06,1482.06,0,Regular / Moderate-Value Customers
16398.0,154,2,1705.8,1705.8,1,At-Risk / Low-Value Customers
16399.0,19,2,408.02,408.02,0,Regular / Moderate-Value Customers
16400.0,95,1,303.93,303.93,0,Regular / Moderate-Value Customers
16401.0,1,12,4098.32,4098.32,0,Regular / Moderate-Value Customers
16402.0,265,2,293.45,293.45,1,At-Risk / Low-Value Customers
16403.0,312,1,177.5,177.5,1,At-Risk / Low-Value Customers
16404.0,70,1,443.05,443.05,0,Regular / Moderate-Value Customers
16405.0,302,2,167.25,167.25,1,At-Risk / Low-Value Customers
16406.0,19,1,154.35,154.35,0,Regular / Moderate-Value Customers
16407.0,13,10,2079.68,2079.68,0,Regular / Moderate-Value Customers
16409.0,36,5,2022.98,2022.98,0,Regular / Moderate-Value Customers
16411.0,19,2,211.7,211.7,0,Regular / Moderate-Value Customers
16412.0,54,1,135.99,135.99,0,Regular / Moderate-Value Customers
16413.0,57,1,262.2,262.2,0,Regular / Moderate-Value Customers
16414.0,22,2,126.25,126.25,0,Regular / Moderate-Value Customers
16415.0,44,1,200.27,200.27,0,Regular / Moderate-Value Customers
16416.0,27,3,1051.4,1051.4,0,Regular / Moderate-Value Customers
16418.0,45,3,631.12,631.12,0,Regular / Moderate-Value Customers
16419.0,113,6,958.71,958.71,0,Regular / Moderate-Value Customers
16422.0,17,51,34684.4,34684.4,3,Loyal / Valuable Customers
16423.0,25,1,346.12,346.12,0,Regular / Moderate-Value Customers
16424.0,191,1,133.56,133.56,1,At-Risk / Low-Value Customers
16425.0,302,1,302.7,302.7,1,At-Risk / Low-Value Customers
16426.0,2,10,1863.76,1863.76,0,Regular / Moderate-Value Customers
16427.0,263,2,241.06,241.06,1,At-Risk / Low-Value Customers
16429.0,106,1,284.55,284.55,0,Regular / Moderate-Value Customers
16430.0,57,1,300.85,300.85,0,Regular / Moderate-Value Customers
16431.0,213,3,623.28,623.28,1,At-Risk / Low-Value Customers
16432.0,64,1,287.4,287.4,0,Regular / Moderate-Value Customers
16433.0,28,1,184.26,184.26,0,Regular / Moderate-Value Customers
16434.0,29,7,1511.8,1511.8,0,Regular / Moderate-Value Customers
16438.0,6,5,798.35,798.35,0,Regular / Moderate-Value Customers
16440.0,8,5,3640.67,3640.67,0,Regular / Moderate-Value Customers
16441.0,67,2,381.2,381.2,0,Regular / Moderate-Value Customers
16442.0,2,3,609.3,609.3,0,Regular / Moderate-Value Customers
16444.0,46,4,654.67,654.67,0,Regular / Moderate-Value Customers
16445.0,34,1,230.51,230.51,0,Regular / Moderate-Value Customers
16446.0,1,2,168472.5,168472.5,2,High-Value Customers
16447.0,136,1,255.91,255.91,0,Regular / Moderate-Value Customers
16448.0,198,1,182.99,182.99,1,At-Risk / Low-Value Customers
16449.0,198,2,707.69,707.69,1,At-Risk / Low-Value Customers
16450.0,150,1,311.92,311.92,1,At-Risk / Low-Value Customers
16451.0,88,1,266.97,266.97,0,Regular / Moderate-Value Customers
16454.0,45,2,6.9,6.9,0,Regular / Moderate-Value Customers
16455.0,64,7,1841.18,1841.18,0,Regular / Moderate-Value Customers
16456.0,99,5,2158.18,2158.18,0,Regular / Moderate-Value Customers
16457.0,218,1,208.36,208.36,1,At-Risk / Low-Value Customers
16458.0,3,18,3482.7400000000002,3482.7400000000002,3,Loyal / Valuable Customers
16460.0,28,3,811.23,811.23,0,Regular / Moderate-Value Customers
16461.0,178,1,142.92,142.92,1,At-Risk / Low-Value Customers
16462.0,74,3,136.0,136.0,0,Regular / Moderate-Value Customers
16463.0,21,4,1422.4,1422.4,0,Regular / Moderate-Value Customers
16464.0,20,3,1298.66,1298.66,0,Regular / Moderate-Value Customers
16466.0,34,7,1595.96,1595.96,0,Regular / Moderate-Value Customers
16468.0,74,1,74.9,74.9,0,Regular / Moderate-Value Customers
16469.0,24,4,625.42,625.42,0,Regular / Moderate-Value Customers
16470.0,52,4,752.77,752.77,0,Regular / Moderate-Value Customers
16471.0,275,1,223.95000000000002,223.95000000000002,1,At-Risk / Low-Value Customers
16473.0,165,3,316.11,316.11,1,At-Risk / Low-Value Customers
16474.0,7,7,1810.65,1810.65,0,Regular / Moderate-Value Customers
16475.0,88,4,544.3,544.3,0,Regular / Moderate-Value Customers
16477.0,64,7,2494.46,2494.46,0,Regular / Moderate-Value Customers
16478.0,25,3,331.0,331.0,0,Regular / Moderate-Value Customers
16479.0,10,2,300.83,300.83,0,Regular / Moderate-Value Customers
16480.0,76,1,769.29,769.29,0,Regular / Moderate-Value Customers
16482.0,16,1,220.62,220.62,0,Regular / Moderate-Value Customers
16483.0,192,1,139.35,139.35,1,At-Risk / Low-Value Customers
16484.0,174,2,404.3,404.3,1,At-Risk / Low-Value Customers
16485.0,77,1,363.65,363.65,0,Regular / Moderate-Value Customers
16488.0,33,3,498.8,498.8,0,Regular / Moderate-Value Customers
16491.0,47,1,731.5,731.5,0,Regular / Moderate-Value Customers
16493.0,80,4,1351.63,1351.63,0,Regular / Moderate-Value Customers
16494.0,297,1,826.53,826.53,1,At-Risk / Low-Value Customers
16495.0,3,3,648.26,648.26,0,Regular / Moderate-Value Customers
16496.0,9,3,1599.52,1599.52,0,Regular / Moderate-Value Customers
16497.0,50,6,2965.69,2965.69,0,Regular / Moderate-Value Customers
16498.0,161,2,100.97,100.97,1,At-Risk / Low-Value Customers
16499.0,360,2,365.45,365.45,1,At-Risk / Low-Value Customers
16500.0,5,6,400.86,400.86,0,Regular / Moderate-Value Customers
16503.0,107,4,1431.93,1431.93,0,Regular / Moderate-Value Customers
16504.0,25,1,465.88,465.88,0,Regular / Moderate-Value Customers
16505.0,32,1,777.6,777.6,0,Regular / Moderate-Value Customers
16506.0,20,2,90.30000000000001,90.30000000000001,0,Regular / Moderate-Value Customers
16509.0,297,1,363.7,363.7,1,At-Risk / Low-Value Customers
16510.0,372,1,248.1,248.1,1,At-Risk / Low-Value Customers
16511.0,22,3,918.33,918.33,0,Regular / Moderate-Value Customers
16513.0,5,4,874.59,874.59,0,Regular / Moderate-Value Customers
16515.0,52,5,1624.14,1624.14,0,Regular / Moderate-Value Customers
16516.0,30,1,101.69999999999999,101.69999999999999,0,Regular / Moderate-Value Customers
16517.0,277,1,162.7,162.7,1,At-Risk / Low-Value Customers
16518.0,61,2,484.32,484.32,0,Regular / Moderate-Value Customers
16519.0,25,2,215.07999999999998,215.07999999999998,0,Regular / Moderate-Value Customers
16520.0,186,3,1046.57,1046.57,1,At-Risk / Low-Value Customers
16523.0,2,21,9418.470000000001,9418.470000000001,3,Loyal / Valuable Customers
16525.0,2,26,13027.45,13027.45,3,Loyal / Valuable Customers
16526.0,172,1,290.36,290.36,1,At-Risk / Low-Value Customers
16527.0,81,1,228.06,228.06,0,Regular / Moderate-Value Customers
16528.0,4,1,244.41,244.41,0,Regular / Moderate-Value Customers
16529.0,190,1,455.25,455.25,1,At-Risk / Low-Value Customers
16531.0,22,7,1244.59,1244.59,0,Regular / Moderate-Value Customers
16532.0,18,3,6748.8,6748.8,0,Regular / Moderate-Value Customers
16533.0,19,3,1082.81,1082.81,0,Regular / Moderate-Value Customers
16535.0,5,1,593.75,593.75,0,Regular / Moderate-Value Customers
16536.0,110,1,548.12,548.12,0,Regular / Moderate-Value Customers
16539.0,3,4,1388.81,1388.81,0,Regular / Moderate-Value Customers
16542.0,54,1,119.62,119.62,0,Regular / Moderate-Value Customers
16545.0,165,1,339.3,339.3,1,At-Risk / Low-Value Customers
16546.0,291,2,787.15,787.15,1,At-Risk / Low-Value Customers
16549.0,10,10,4034.9,4034.9,0,Regular / Moderate-Value Customers
16550.0,109,5,2298.97,2298.97,0,Regular / Moderate-Value Customers
16551.0,96,3,922.12,922.12,0,Regular / Moderate-Value Customers
16552.0,243,2,379.73,379.73,1,At-Risk / Low-Value Customers
16553.0,163,12,5719.82,5719.82,0,Regular / Moderate-Value Customers
16554.0,42,3,837.1,837.1,0,Regular / Moderate-Value Customers
16555.0,35,2,285.89,285.89,0,Regular / Moderate-Value Customers
16556.0,67,7,3313.79,3313.79,0,Regular / Moderate-Value Customers
16557.0,24,2,281.85,281.85,0,Regular / Moderate-Value Customers
16558.0,1,20,8338.49,8338.49,3,Loyal / Valuable Customers
16560.0,27,2,841.41,841.41,0,Regular / Moderate-Value Customers
16561.0,6,2,511.12,511.12,0,Regular / Moderate-Value Customers
16563.0,54,1,1077.74,1077.74,0,Regular / Moderate-Value Customers
16565.0,364,1,173.7,173.7,1,At-Risk / Low-Value Customers
16566.0,15,5,614.66,614.66,0,Regular / Moderate-Value Customers
16567.0,194,2,865.6,865.6,1,At-Risk / Low-Value Customers
16569.0,3,1,124.2,124.2,0,Regular / Moderate-Value Customers
16570.0,15,10,3738.4,3738.4,0,Regular / Moderate-Value Customers
16571.0,27,3,1421.69,1421.69,0,Regular / Moderate-Value Customers
16572.0,127,3,1009.6,1009.6,0,Regular / Moderate-Value Customers
16573.0,85,2,663.61,663.61,0,Regular / Moderate-Value Customers
16574.0,71,1,451.44,451.44,0,Regular / Moderate-Value Customers
16581.0,183,1,105.84,105.84,1,At-Risk / Low-Value Customers
16582.0,113,1,313.62,313.62,0,Regular / Moderate-Value Customers
16583.0,374,1,233.45,233.45,1,At-Risk / Low-Value Customers
16584.0,80,2,936.08,936.08,0,Regular / Moderate-Value Customers
16586.0,249,1,463.95,463.95,1,At-Risk / Low-Value Customers
16587.0,232,1,225.15,225.15,1,At-Risk / Low-Value Customers
16589.0,71,3,459.24,459.24,0,Regular / Moderate-Value Customers
16591.0,69,1,213.5,213.5,0,Regular / Moderate-Value Customers
16592.0,4,16,4113.68,4113.68,3,Loyal / Valuable Customers
16593.0,51,3,330.03,330.03,0,Regular / Moderate-Value Customers
16594.0,75,1,181.09,181.09,0,Regular / Moderate-Value Customers
16595.0,61,1,360.16,360.16,0,Regular / Moderate-Value Customers
16596.0,16,2,250.15,250.15,0,Regular / Moderate-Value Customers
16597.0,4,1,90.04,90.04,0,Regular / Moderate-Value Customers
16598.0,286,1,145.04999999999998,145.04999999999998,1,At-Risk / Low-Value Customers
16600.0,4,6,813.52,813.52,0,Regular / Moderate-Value Customers
16601.0,41,1,242.7,242.7,0,Regular / Moderate-Value Customers
16602.0,36,1,528.08,528.08,0,Regular / Moderate-Value Customers
16603.0,75,2,482.47,482.47,0,Regular / Moderate-Value Customers
16607.0,18,14,3347.71,3347.71,0,Regular / Moderate-Value Customers
16609.0,15,7,5493.46,5493.46,0,Regular / Moderate-Value Customers
16610.0,219,1,75.66,75.66,1,At-Risk / Low-Value Customers
16611.0,186,1,129.49,129.49,1,At-Risk / Low-Value Customers
16612.0,33,4,1187.66,1187.66,0,Regular / Moderate-Value Customers
16613.0,70,1,618.59,618.59,0,Regular / Moderate-Value Customers
16614.0,183,1,506.19,506.19,1,At-Risk / Low-Value Customers
16616.0,15,2,500.42,500.42,0,Regular / Moderate-Value Customers
16617.0,236,1,151.85,151.85,1,At-Risk / Low-Value Customers
16618.0,31,5,2647.59,2647.59,0,Regular / Moderate-Value Customers
16619.0,264,1,226.21,226.21,1,At-Risk / Low-Value Customers
16620.0,4,2,178.96,178.96,0,Regular / Moderate-Value Customers
16621.0,52,4,813.48,813.48,0,Regular / Moderate-Value Customers
16623.0,246,1,129.45,129.45,1,At-Risk / Low-Value Customers
16624.0,81,2,810.5699999999999,810.5699999999999,0,Regular / Moderate-Value Customers
16625.0,275,1,333.08,333.08,1,At-Risk / Low-Value Customers
16626.0,1,17,4413.1,4413.1,3,Loyal / Valuable Customers
16627.0,79,1,322.8,322.8,0,Regular / Moderate-Value Customers
16628.0,30,5,2188.05,2188.05,0,Regular / Moderate-Value Customers
16629.0,74,2,408.63,408.63,0,Regular / Moderate-Value Customers
16633.0,17,6,2883.1,2883.1,0,Regular / Moderate-Value Customers
16634.0,223,2,217.9,217.9,1,At-Risk / Low-Value Customers
16637.0,32,4,1154.47,1154.47,0,Regular / Moderate-Value Customers
16638.0,23,10,1680.72,1680.72,0,Regular / Moderate-Value Customers
16639.0,31,3,1257.51,1257.51,0,Regular / Moderate-Value Customers
16641.0,106,1,231.10000000000002,231.10000000000002,0,Regular / Moderate-Value Customers
16642.0,5,2,688.33,688.33,0,Regular / Moderate-Value Customers
16643.0,246,1,487.51,487.51,1,At-Risk / Low-Value Customers
16644.0,178,2,833.78,833.78,1,At-Risk / Low-Value Customers
16647.0,170,2,214.06,214.06,1,At-Risk / Low-Value Customers
16648.0,43,1,290.65999999999997,290.65999999999997,0,Regular / Moderate-Value Customers
16650.0,72,1,518.42,518.42,0,Regular / Moderate-Value Customers
16652.0,59,7,6773.97,6773.97,0,Regular / Moderate-Value Customers
16653.0,16,2,1212.66,1212.66,0,Regular / Moderate-Value Customers
16654.0,141,4,601.27,601.27,0,Regular / Moderate-Value Customers
16655.0,18,6,3789.52,3789.52,0,Regular / Moderate-Value Customers
16656.0,22,15,8625.8,8625.8,3,Loyal / Valuable Customers
16657.0,10,4,874.43,874.43,0,Regular / Moderate-Value Customers
16658.0,368,1,123.24,123.24,1,At-Risk / Low-Value Customers
16659.0,189,1,39.12,39.12,1,At-Risk / Low-Value Customers
16660.0,16,4,1267.6499999999999,1267.6499999999999,0,Regular / Moderate-Value Customers
16665.0,362,1,135.39999999999998,135.39999999999998,1,At-Risk / Low-Value Customers
16666.0,19,1,118.98,118.98,0,Regular / Moderate-Value Customers
16667.0,68,2,567.1800000000001,567.1800000000001,0,Regular / Moderate-Value Customers
16668.0,15,6,306.71999999999997,306.71999999999997,0,Regular / Moderate-Value Customers
16669.0,24,3,1348.88,1348.88,0,Regular / Moderate-Value Customers
16670.0,17,11,4095.9,4095.9,0,Regular / Moderate-Value Customers
16671.0,28,3,1692.27,1692.27,0,Regular / Moderate-Value Customers
16672.0,2,20,8134.9400000000005,8134.9400000000005,3,Loyal / Valuable Customers
16674.0,55,2,304.24,304.24,0,Regular / Moderate-Value Customers
16676.0,34,4,1592.1200000000001,1592.1200000000001,0,Regular / Moderate-Value Customers
16678.0,3,12,3109.99,3109.99,0,Regular / Moderate-Value Customers
16679.0,366,1,129.75,129.75,1,At-Risk / Low-Value Customers
16680.0,43,1,183.7,183.7,0,Regular / Moderate-Value Customers
16681.0,73,6,1770.34,1770.34,0,Regular / Moderate-Value Customers
16682.0,5,5,1028.0,1028.0,0,Regular / Moderate-Value Customers
16684.0,4,28,66653.56,66653.56,3,Loyal / Valuable Customers
16685.0,61,2,324.24,324.24,0,Regular / Moderate-Value Customers
16686.0,47,7,2959.88,2959.88,0,Regular / Moderate-Value Customers
16688.0,1,4,1260.86,1260.86,0,Regular / Moderate-Value Customers
16689.0,76,2,422.59999999999997,422.59999999999997,0,Regular / Moderate-Value Customers
16690.0,72,2,225.57999999999998,225.57999999999998,0,Regular / Moderate-Value Customers
16692.0,256,2,1276.0,1276.0,1,At-Risk / Low-Value Customers
16693.0,69,2,477.86,477.86,0,Regular / Moderate-Value Customers
16696.0,135,4,657.9000000000001,657.9000000000001,0,Regular / Moderate-Value Customers
16697.0,241,1,112.75,112.75,1,At-Risk / Low-Value Customers
16698.0,227,2,1998.0,1998.0,1,At-Risk / Low-Value Customers
16700.0,9,13,5076.55,5076.55,0,Regular / Moderate-Value Customers
16701.0,9,13,5398.3,5398.3,0,Regular / Moderate-Value Customers
16705.0,1,20,14034.99,14034.99,3,Loyal / Valuable Customers
16706.0,37,3,531.35,531.35,0,Regular / Moderate-Value Customers
16708.0,46,1,656.63,656.63,0,Regular / Moderate-Value Customers
16709.0,85,5,3029.87,3029.87,0,Regular / Moderate-Value Customers
16710.0,19,10,2467.99,2467.99,0,Regular / Moderate-Value Customers
16711.0,3,5,1651.03,1651.03,0,Regular / Moderate-Value Customers
16712.0,9,11,3611.31,3611.31,0,Regular / Moderate-Value Customers
16713.0,19,15,6910.78,6910.78,3,Loyal / Valuable Customers
16714.0,219,3,1129.06,1129.06,1,At-Risk / Low-Value Customers
16715.0,78,1,301.71999999999997,301.71999999999997,0,Regular / Moderate-Value Customers
16716.0,267,2,901.2,901.2,1,At-Risk / Low-Value Customers
16717.0,24,6,3843.08,3843.08,0,Regular / Moderate-Value Customers
16718.0,369,1,606.0500000000001,606.0500000000001,1,At-Risk / Low-Value Customers
16719.0,15,7,1770.22,1770.22,0,Regular / Moderate-Value Customers
16720.0,26,1,152.95,152.95,0,Regular / Moderate-Value Customers
16721.0,262,1,292.47,292.47,1,At-Risk / Low-Value Customers
16722.0,17,13,4730.81,4730.81,0,Regular / Moderate-Value Customers
16723.0,91,2,576.4,576.4,0,Regular / Moderate-Value Customers
16725.0,302,7,758.27,758.27,1,At-Risk / Low-Value Customers
16726.0,26,5,1358.74,1358.74,0,Regular / Moderate-Value Customers
16727.0,364,1,256.32,256.32,1,At-Risk / Low-Value Customers
16728.0,46,4,1048.28,1048.28,0,Regular / Moderate-Value Customers
16729.0,38,21,7205.33,7205.33,3,Loyal / Valuable Customers
16730.0,52,3,743.11,743.11,0,Regular / Moderate-Value Customers
16732.0,32,1,603.75,603.75,0,Regular / Moderate-Value Customers
16734.0,52,3,646.76,646.76,0,Regular / Moderate-Value Customers
16735.0,79,5,2247.41,2247.41,0,Regular / Moderate-Value Customers
16737.0,53,1,417.59999999999997,417.59999999999997,0,Regular / Moderate-Value Customers
16738.0,298,1,3.75,3.75,1,At-Risk / Low-Value Customers
16739.0,177,1,323.0,323.0,1,At-Risk / Low-Value Customers
16742.0,47,1,464.9,464.9,0,Regular / Moderate-Value Customers
16743.0,29,7,2213.13,2213.13,0,Regular / Moderate-Value Customers
16744.0,11,7,1291.91,1291.91,0,Regular / Moderate-Value Customers
16745.0,87,17,7180.7,7180.7,3,Loyal / Valuable Customers
16746.0,5,18,6680.11,6680.11,3,Loyal / Valuable Customers
16747.0,38,2,836.06,836.06,0,Regular / Moderate-Value Customers
16748.0,18,5,1515.9,1515.9,0,Regular / Moderate-Value Customers
16750.0,45,5,623.93,623.93,0,Regular / Moderate-Value Customers
16751.0,31,1,1764.72,1764.72,0,Regular / Moderate-Value Customers
16752.0,373,1,207.5,207.5,1,At-Risk / Low-Value Customers
16753.0,58,1,223.92000000000002,223.92000000000002,0,Regular / Moderate-Value Customers
16754.0,372,1,2002.4,2002.4,1,At-Risk / Low-Value Customers
16755.0,114,3,1475.43,1475.43,0,Regular / Moderate-Value Customers
16756.0,215,1,239.4,239.4,1,At-Risk / Low-Value Customers
16757.0,319,1,106.83000000000001,106.83000000000001,1,At-Risk / Low-Value Customers
16758.0,65,1,369.34000000000003,369.34000000000003,0,Regular / Moderate-Value Customers
16759.0,8,3,789.79,789.79,0,Regular / Moderate-Value Customers
16761.0,97,1,316.62,316.62,0,Regular / Moderate-Value Customers
16762.0,20,3,1207.24,1207.24,0,Regular / Moderate-Value Customers
16763.0,199,1,611.85,611.85,1,At-Risk / Low-Value Customers
16764.0,4,13,2790.9500000000003,2790.9500000000003,0,Regular / Moderate-Value Customers
16765.0,294,1,34.0,34.0,1,At-Risk / Low-Value Customers
16766.0,273,2,1145.6,1145.6,1,At-Risk / Low-Value Customers
16767.0,31,11,5575.56,5575.56,0,Regular / Moderate-Value Customers
16768.0,48,3,478.09000000000003,478.09000000000003,0,Regular / Moderate-Value Customers
16769.0,260,1,361.54,361.54,1,At-Risk / Low-Value Customers
16770.0,58,5,757.1,757.1,0,Regular / Moderate-Value Customers
16771.0,33,5,2242.61,2242.61,0,Regular / Moderate-Value Customers
16773.0,57,1,171.59,171.59,0,Regular / Moderate-Value Customers
16774.0,68,4,661.52,661.52,0,Regular / Moderate-Value Customers
16775.0,10,11,1691.51,1691.51,0,Regular / Moderate-Value Customers
16776.0,60,1,371.54,371.54,0,Regular / Moderate-Value Customers
16777.0,80,2,222.62,222.62,0,Regular / Moderate-Value Customers
16778.0,74,2,245.94,245.94,0,Regular / Moderate-Value Customers
16779.0,2,22,10611.720000000001,10611.720000000001,3,Loyal / Valuable Customers
16780.0,100,2,422.24,422.24,0,Regular / Moderate-Value Customers
16781.0,372,1,311.25,311.25,1,At-Risk / Low-Value Customers
16782.0,10,13,2267.9500000000003,2267.9500000000003,0,Regular / Moderate-Value Customers
16784.0,20,1,107.6,107.6,0,Regular / Moderate-Value Customers
16788.0,123,2,594.39,594.39,0,Regular / Moderate-Value Customers
16789.0,8,1,80.8,80.8,0,Regular / Moderate-Value Customers
16790.0,4,6,1545.6200000000001,1545.6200000000001,0,Regular / Moderate-Value Customers
16791.0,29,7,1705.78,1705.78,0,Regular / Moderate-Value Customers
16792.0,282,2,110.38000000000001,110.38000000000001,1,At-Risk / Low-Value Customers
16793.0,57,1,243.84,243.84,0,Regular / Moderate-Value Customers
16794.0,1,10,1196.5,1196.5,0,Regular / Moderate-Value Customers
16795.0,365,1,414.88,414.88,1,At-Risk / Low-Value Customers
16796.0,89,1,305.62,305.62,0,Regular / Moderate-Value Customers
16800.0,11,1,1162.65,1162.65,0,Regular / Moderate-Value Customers
16801.0,163,4,1594.23,1594.23,1,At-Risk / Low-Value Customers
16803.0,65,1,332.3,332.3,0,Regular / Moderate-Value Customers
16804.0,23,3,536.99,536.99,0,Regular / Moderate-Value Customers
16805.0,174,2,460.59,460.59,1,At-Risk / Low-Value Customers
16806.0,103,4,762.16,762.16,0,Regular / Moderate-Value Customers
16807.0,143,3,1121.59,1121.59,0,Regular / Moderate-Value Customers
16808.0,99,2,288.42,288.42,0,Regular / Moderate-Value Customers
16809.0,23,5,914.69,914.69,0,Regular / Moderate-Value Customers
16810.0,192,1,309.54,309.54,1,At-Risk / Low-Value Customers
16811.0,5,2,547.07,547.07,0,Regular / Moderate-Value Customers
16812.0,361,1,479.35,479.35,1,At-Risk / Low-Value Customers
16813.0,8,10,1652.18,1652.18,0,Regular / Moderate-Value Customers
16814.0,14,21,6416.7,6416.7,3,Loyal / Valuable Customers
16816.0,103,4,417.06,417.06,0,Regular / Moderate-Value Customers
16817.0,3,9,1604.75,1604.75,0,Regular / Moderate-Value Customers
16818.0,11,11,3349.57,3349.57,0,Regular / Moderate-Value Customers
16820.0,96,1,497.61,497.61,0,Regular / Moderate-Value Customers
16823.0,227,1,358.38,358.38,1,At-Risk / Low-Value Customers
16824.0,16,2,460.64,460.64,0,Regular / Moderate-Value Customers
16825.0,39,2,775.1800000000001,775.1800000000001,0,Regular / Moderate-Value Customers
16826.0,51,1,341.7,341.7,0,Regular / Moderate-Value Customers
16828.0,93,2,128.5,128.5,0,Regular / Moderate-Value Customers
16829.0,157,1,197.22,197.22,1,At-Risk / Low-Value Customers
16830.0,39,1,325.91,325.91,0,Regular / Moderate-Value Customers
16832.0,184,3,199.15,199.15,1,At-Risk / Low-Value Customers
16833.0,1,4,1106.53,1106.53,0,Regular / Moderate-Value Customers
16834.0,228,1,413.46,413.46,1,At-Risk / Low-Value Customers
16835.0,128,2,180.85,180.85,0,Regular / Moderate-Value Customers
16836.0,40,2,251.87,251.87,0,Regular / Moderate-Value Customers
16837.0,31,11,3170.98,3170.98,0,Regular / Moderate-Value Customers
16838.0,197,2,588.85,588.85,1,At-Risk / Low-Value Customers
16839.0,9,34,16594.35,16594.35,3,Loyal / Valuable Customers
16841.0,37,6,1869.82,1869.82,0,Regular / Moderate-Value Customers
16842.0,101,3,1264.19,1264.19,0,Regular / Moderate-Value Customers
16843.0,43,16,10196.57,10196.57,3,Loyal / Valuable Customers
16846.0,50,1,214.32,214.32,0,Regular / Moderate-Value Customers
16847.0,43,1,193.44,193.44,0,Regular / Moderate-Value Customers
16848.0,53,1,281.42,281.42,0,Regular / Moderate-Value Customers
16849.0,187,1,124.57,124.57,1,At-Risk / Low-Value Customers
16850.0,334,1,332.41,332.41,1,At-Risk / Low-Value Customers
16851.0,4,3,342.45,342.45,0,Regular / Moderate-Value Customers
16852.0,10,2,144.91000000000003,144.91000000000003,0,Regular / Moderate-Value Customers
16855.0,24,2,328.4,328.4,0,Regular / Moderate-Value Customers
16856.0,15,1,35.400000000000006,35.400000000000006,0,Regular / Moderate-Value Customers
16858.0,369,1,375.69000000000005,375.69000000000005,1,At-Risk / Low-Value Customers
16859.0,145,2,747.81,747.81,1,At-Risk / Low-Value Customers
16861.0,60,2,173.76,173.76,0,Regular / Moderate-Value Customers
16863.0,31,2,502.8,502.8,0,Regular / Moderate-Value Customers
16866.0,141,3,207.73999999999998,207.73999999999998,0,Regular / Moderate-Value Customers
16869.0,23,4,817.12,817.12,0,Regular / Moderate-Value Customers
16871.0,22,6,2812.34,2812.34,0,Regular / Moderate-Value Customers
16872.0,77,3,680.02,680.02,0,Regular / Moderate-Value Customers
16873.0,5,6,7123.62,7123.62,0,Regular / Moderate-Value Customers
16875.0,67,5,2095.53,2095.53,0,Regular / Moderate-Value Customers
16877.0,12,6,846.62,846.62,0,Regular / Moderate-Value Customers
16878.0,84,1,13.3,13.3,0,Regular / Moderate-Value Customers
16880.0,31,7,1491.43,1491.43,0,Regular / Moderate-Value Customers
16881.0,67,1,432.0,432.0,0,Regular / Moderate-Value Customers
16882.0,67,3,705.12,705.12,0,Regular / Moderate-Value Customers
16883.0,187,2,272.48,272.48,1,At-Risk / Low-Value Customers
16884.0,38,2,429.84000000000003,429.84000000000003,0,Regular / Moderate-Value Customers
16885.0,15,3,450.41,450.41,0,Regular / Moderate-Value Customers
16887.0,35,1,192.32999999999998,192.32999999999998,0,Regular / Moderate-Value Customers
16889.0,195,3,1578.67,1578.67,1,At-Risk / Low-Value Customers
16891.0,2,5,742.43,742.43,0,Regular / Moderate-Value Customers
16892.0,1,5,518.19,518.19,0,Regular / Moderate-Value Customers
16893.0,367,1,145.93,145.93,1,At-Risk / Low-Value Customers
16895.0,65,1,202.27,202.27,0,Regular / Moderate-Value Customers
16897.0,299,2,289.78,289.78,1,At-Risk / Low-Value Customers
16898.0,26,3,501.03,501.03,0,Regular / Moderate-Value Customers
16899.0,8,6,1271.06,1271.06,0,Regular / Moderate-Value Customers
16900.0,17,3,887.11,887.11,0,Regular / Moderate-Value Customers
16902.0,116,1,1706.88,1706.88,0,Regular / Moderate-Value Customers
16903.0,29,1,363.2,363.2,0,Regular / Moderate-Value Customers
16904.0,4,16,3653.75,3653.75,3,Loyal / Valuable Customers
16905.0,5,7,3037.6,3037.6,0,Regular / Moderate-Value Customers
16906.0,82,4,559.59,559.59,0,Regular / Moderate-Value Customers
16907.0,29,5,928.76,928.76,0,Regular / Moderate-Value Customers
16909.0,72,1,379.14,379.14,0,Regular / Moderate-Value Customers
16910.0,4,8,1508.96,1508.96,0,Regular / Moderate-Value Customers
16912.0,29,11,2555.58,2555.58,0,Regular / Moderate-Value Customers
16913.0,290,1,113.44,113.44,1,At-Risk / Low-Value Customers
16914.0,36,1,183.76,183.76,0,Regular / Moderate-Value Customers
16915.0,9,6,621.6800000000001,621.6800000000001,0,Regular / Moderate-Value Customers
16916.0,24,2,562.41,562.41,0,Regular / Moderate-Value Customers
16917.0,277,1,391.52,391.52,1,At-Risk / Low-Value Customers
16918.0,50,6,1068.82,1068.82,0,Regular / Moderate-Value Customers
16919.0,156,11,2592.25,2592.25,0,Regular / Moderate-Value Customers
16921.0,61,1,154.18,154.18,0,Regular / Moderate-Value Customers
16923.0,12,19,7069.08,7069.08,3,Loyal / Valuable Customers
16924.0,21,3,829.89,829.89,0,Regular / Moderate-Value Customers
16926.0,371,1,230.25,230.25,1,At-Risk / Low-Value Customers
16927.0,116,3,543.05,543.05,0,Regular / Moderate-Value Customers
16928.0,80,17,2814.7,2814.7,3,Loyal / Valuable Customers
16929.0,4,7,1295.39,1295.39,0,Regular / Moderate-Value Customers
16930.0,26,3,378.89,378.89,0,Regular / Moderate-Value Customers
16931.0,5,21,4554.87,4554.87,3,Loyal / Valuable Customers
16932.0,53,1,150.23000000000002,150.23000000000002,0,Regular / Moderate-Value Customers
16933.0,1,2,563.23,563.23,0,Regular / Moderate-Value Customers
16934.0,55,2,931.03,931.03,0,Regular / Moderate-Value Customers
16936.0,26,1,261.9,261.9,0,Regular / Moderate-Value Customers
16938.0,9,4,2711.6800000000003,2711.6800000000003,0,Regular / Moderate-Value Customers
16940.0,52,3,3049.88,3049.88,0,Regular / Moderate-Value Customers
16942.0,13,9,1904.99,1904.99,0,Regular / Moderate-Value Customers
16943.0,212,3,816.73,816.73,1,At-Risk / Low-Value Customers
16945.0,22,19,4345.5,4345.5,3,Loyal / Valuable Customers
16947.0,236,1,406.48,406.48,1,At-Risk / Low-Value Customers
16948.0,139,3,435.02,435.02,0,Regular / Moderate-Value Customers
16949.0,4,6,1286.27,1286.27,0,Regular / Moderate-Value Customers
16950.0,57,3,1178.56,1178.56,0,Regular / Moderate-Value Customers
16951.0,135,3,1277.75,1277.75,0,Regular / Moderate-Value Customers
16952.0,109,2,167.61,167.61,0,Regular / Moderate-Value Customers
16953.0,30,1,20.8,20.8,0,Regular / Moderate-Value Customers
16954.0,1,9,2085.08,2085.08,0,Regular / Moderate-Value Customers
16955.0,185,4,518.67,518.67,1,At-Risk / Low-Value Customers
16956.0,18,1,308.74,308.74,0,Regular / Moderate-Value Customers
16957.0,239,2,416.64,416.64,1,At-Risk / Low-Value Customers
16959.0,87,1,117.35000000000001,117.35000000000001,0,Regular / Moderate-Value Customers
16960.0,39,3,507.05,507.05,0,Regular / Moderate-Value Customers
16961.0,116,1,234.17,234.17,0,Regular / Moderate-Value Customers
16963.0,187,1,110.55000000000001,110.55000000000001,1,At-Risk / Low-Value Customers
16965.0,227,1,201.19,201.19,1,At-Risk / Low-Value Customers
16966.0,8,7,2154.97,2154.97,0,Regular / Moderate-Value Customers
16967.0,189,1,319.02,319.02,1,At-Risk / Low-Value Customers
16968.0,4,2,439.43,439.43,0,Regular / Moderate-Value Customers
16969.0,39,3,650.41,650.41,0,Regular / Moderate-Value Customers
16971.0,38,1,357.21,357.21,0,Regular / Moderate-Value Customers
16976.0,267,1,251.51999999999998,251.51999999999998,1,At-Risk / Low-Value Customers
16978.0,78,1,344.33,344.33,0,Regular / Moderate-Value Customers
16979.0,4,6,1852.0,1852.0,0,Regular / Moderate-Value Customers
16980.0,255,2,1028.46,1028.46,1,At-Risk / Low-Value Customers
16982.0,61,1,384.06,384.06,0,Regular / Moderate-Value Customers
16983.0,13,7,1905.87,1905.87,0,Regular / Moderate-Value Customers
16984.0,88,2,4459.52,4459.52,0,Regular / Moderate-Value Customers
16985.0,17,10,5464.12,5464.12,0,Regular / Moderate-Value Customers
16986.0,30,2,1873.2,1873.2,0,Regular / Moderate-Value Customers
16987.0,3,7,1616.8,1616.8,0,Regular / Moderate-Value Customers
16988.0,5,1,126.12,126.12,0,Regular / Moderate-Value Customers
16989.0,7,6,1133.25,1133.25,0,Regular / Moderate-Value Customers
16990.0,219,1,179.0,179.0,1,At-Risk / Low-Value Customers
16992.0,11,5,1614.31,1614.31,0,Regular / Moderate-Value Customers
16996.0,30,6,1456.96,1456.96,0,Regular / Moderate-Value Customers
16997.0,288,3,702.0,702.0,1,At-Risk / Low-Value Customers
16998.0,150,4,295.0,295.0,1,At-Risk / Low-Value Customers
16999.0,23,2,484.82,484.82,0,Regular / Moderate-Value Customers
17001.0,1,11,3989.57,3989.57,0,Regular / Moderate-Value Customers
17002.0,86,3,1493.73,1493.73,0,Regular / Moderate-Value Customers
17004.0,46,2,1312.1399999999999,1312.1399999999999,0,Regular / Moderate-Value Customers
17006.0,5,4,781.78,781.78,0,Regular / Moderate-Value Customers
17007.0,51,6,889.9300000000001,889.9300000000001,0,Regular / Moderate-Value Customers
17010.0,18,1,195.36,195.36,0,Regular / Moderate-Value Customers
17011.0,30,1,270.9,270.9,0,Regular / Moderate-Value Customers
17014.0,8,3,583.4300000000001,583.4300000000001,0,Regular / Moderate-Value Customers
17015.0,29,3,1838.6100000000001,1838.6100000000001,0,Regular / Moderate-Value Customers
17017.0,3,20,8694.26,8694.26,3,Loyal / Valuable Customers
17018.0,41,2,920.1,920.1,0,Regular / Moderate-Value Customers
17019.0,11,4,1258.08,1258.08,0,Regular / Moderate-Value Customers
17022.0,31,1,71.0,71.0,0,Regular / Moderate-Value Customers
17024.0,45,3,95.85,95.85,0,Regular / Moderate-Value Customers
17025.0,61,3,357.77,357.77,0,Regular / Moderate-Value Customers
17026.0,185,2,154.82999999999998,154.82999999999998,1,At-Risk / Low-Value Customers
17027.0,79,6,877.5600000000001,877.5600000000001,0,Regular / Moderate-Value Customers
17029.0,111,2,716.0,716.0,0,Regular / Moderate-Value Customers
17030.0,64,1,146.87,146.87,0,Regular / Moderate-Value Customers
17031.0,12,2,380.35,380.35,0,Regular / Moderate-Value Customers
17033.0,86,3,1030.14,1030.14,0,Regular / Moderate-Value Customers
17034.0,16,3,745.52,745.52,0,Regular / Moderate-Value Customers
17035.0,246,2,433.53000000000003,433.53000000000003,1,At-Risk / Low-Value Customers
17037.0,88,1,1267.32,1267.32,0,Regular / Moderate-Value Customers
17038.0,30,1,112.4,112.4,0,Regular / Moderate-Value Customers
17040.0,138,1,449.73,449.73,0,Regular / Moderate-Value Customers
17041.0,27,3,1071.49,1071.49,0,Regular / Moderate-Value Customers
17042.0,3,5,1036.58,1036.58,0,Regular / Moderate-Value Customers
17043.0,32,4,1735.18,1735.18,0,Regular / Moderate-Value Customers
17044.0,25,1,948.48,948.48,0,Regular / Moderate-Value Customers
17045.0,113,3,339.44,339.44,0,Regular / Moderate-Value Customers
17046.0,157,1,642.02,642.02,1,At-Risk / Low-Value Customers
17047.0,85,3,1100.9,1100.9,0,Regular / Moderate-Value Customers
17048.0,118,3,925.35,925.35,0,Regular / Moderate-Value Customers
17049.0,3,9,5655.03,5655.03,0,Regular / Moderate-Value Customers
17050.0,96,6,3185.64,3185.64,0,Regular / Moderate-Value Customers
17051.0,194,1,240.89000000000001,240.89000000000001,1,At-Risk / Low-Value Customers
17052.0,28,1,399.09,399.09,0,Regular / Moderate-Value Customers
17053.0,131,1,498.48,498.48,0,Regular / Moderate-Value Customers
17054.0,28,5,1356.33,1356.33,0,Regular / Moderate-Value Customers
17058.0,82,3,1179.89,1179.89,0,Regular / Moderate-Value Customers
17059.0,30,5,3080.39,3080.39,0,Regular / Moderate-Value Customers
17060.0,266,1,234.24,234.24,1,At-Risk / Low-Value Customers
17061.0,74,11,5232.2300000000005,5232.2300000000005,0,Regular / Moderate-Value Customers
17062.0,314,4,533.33,533.33,1,At-Risk / Low-Value Customers
17063.0,21,7,1461.14,1461.14,0,Regular / Moderate-Value Customers
17064.0,59,3,855.45,855.45,0,Regular / Moderate-Value Customers
17068.0,12,21,4552.14,4552.14,3,Loyal / Valuable Customers
17069.0,28,9,2709.7000000000003,2709.7000000000003,0,Regular / Moderate-Value Customers
17070.0,114,1,304.24,304.24,0,Regular / Moderate-Value Customers
17071.0,28,9,2429.03,2429.03,0,Regular / Moderate-Value Customers
17073.0,18,4,1446.09,1446.09,0,Regular / Moderate-Value Customers
17075.0,18,4,834.12,834.12,0,Regular / Moderate-Value Customers
17076.0,36,3,841.0799999999999,841.0799999999999,0,Regular / Moderate-Value Customers
17078.0,36,2,378.2,378.2,0,Regular / Moderate-Value Customers
17079.0,78,1,118.80000000000001,118.80000000000001,0,Regular / Moderate-Value Customers
17080.0,22,2,287.62,287.62,0,Regular / Moderate-Value Customers
17081.0,25,2,288.91,288.91,0,Regular / Moderate-Value Customers
17082.0,33,2,2003.85,2003.85,0,Regular / Moderate-Value Customers
17083.0,109,3,1405.78,1405.78,0,Regular / Moderate-Value Customers
17084.0,35,2,2747.9900000000002,2747.9900000000002,0,Regular / Moderate-Value Customers
17085.0,123,5,1562.4,1562.4,0,Regular / Moderate-Value Customers
17086.0,7,6,2050.08,2050.08,0,Regular / Moderate-Value Customers
17088.0,28,4,1991.01,1991.01,0,Regular / Moderate-Value Customers
17090.0,4,7,1974.65,1974.65,0,Regular / Moderate-Value Customers
17091.0,3,9,3827.76,3827.76,0,Regular / Moderate-Value Customers
17092.0,50,4,1774.03,1774.03,0,Regular / Moderate-Value Customers
17094.0,322,1,302.0,302.0,1,At-Risk / Low-Value Customers
17095.0,23,3,1324.16,1324.16,0,Regular / Moderate-Value Customers
17096.0,15,4,1022.13,1022.13,0,Regular / Moderate-Value Customers
17097.0,2,8,954.42,954.42,0,Regular / Moderate-Value Customers
17100.0,18,2,971.74,971.74,0,Regular / Moderate-Value Customers
17101.0,10,4,1621.73,1621.73,0,Regular / Moderate-Value Customers
17102.0,262,1,25.5,25.5,1,At-Risk / Low-Value Customers
17105.0,159,2,665.78,665.78,1,At-Risk / Low-Value Customers
17107.0,33,6,10797.48,10797.48,0,Regular / Moderate-Value Customers
17109.0,29,6,881.29,881.29,0,Regular / Moderate-Value Customers
17110.0,165,1,163.29999999999998,163.29999999999998,1,At-Risk / Low-Value Customers
17111.0,47,1,231.61,231.61,0,Regular / Moderate-Value Customers
17114.0,6,8,801.12,801.12,0,Regular / Moderate-Value Customers
17115.0,8,3,837.5,837.5,0,Regular / Moderate-Value Customers
17117.0,288,1,116.19999999999999,116.19999999999999,1,At-Risk / Low-Value Customers
17118.0,318,1,157.02,157.02,1,At-Risk / Low-Value Customers
17119.0,3,2,606.91,606.91,0,Regular / Moderate-Value Customers
17120.0,233,1,307.46,307.46,1,At-Risk / Low-Value Customers
17122.0,119,1,138.32,138.32,0,Regular / Moderate-Value Customers
17123.0,162,1,345.29999999999995,345.29999999999995,1,At-Risk / Low-Value Customers
17124.0,185,1,294.24,294.24,1,At-Risk / Low-Value Customers
17125.0,50,1,230.5,230.5,0,Regular / Moderate-Value Customers
17126.0,152,5,989.45,989.45,1,At-Risk / Low-Value Customers
17128.0,335,1,157.09,157.09,1,At-Risk / Low-Value Customers
17131.0,5,5,2463.17,2463.17,0,Regular / Moderate-Value Customers
17133.0,16,7,4892.240000000001,4892.240000000001,0,Regular / Moderate-Value Customers
17134.0,107,2,413.2,413.2,0,Regular / Moderate-Value Customers
17135.0,16,7,1139.73,1139.73,0,Regular / Moderate-Value Customers
17138.0,276,1,380.5,380.5,1,At-Risk / Low-Value Customers
17139.0,16,12,10650.77,10650.77,3,Loyal / Valuable Customers
17140.0,247,1,454.12,454.12,1,At-Risk / Low-Value Customers
17142.0,239,1,579.0,579.0,1,At-Risk / Low-Value Customers
17144.0,1,2,984.57,984.57,0,Regular / Moderate-Value Customers
17146.0,106,3,749.78,749.78,0,Regular / Moderate-Value Customers
17147.0,23,4,1714.59,1714.59,0,Regular / Moderate-Value Customers
17148.0,52,1,124.88,124.88,0,Regular / Moderate-Value Customers
17152.0,195,3,1689.5,1689.5,1,At-Risk / Low-Value Customers
17153.0,24,1,213.78,213.78,0,Regular / Moderate-Value Customers
17154.0,75,1,329.34,329.34,0,Regular / Moderate-Value Customers
17155.0,18,2,251.70000000000002,251.70000000000002,0,Regular / Moderate-Value Customers
17157.0,8,2,319.0,319.0,0,Regular / Moderate-Value Customers
17158.0,32,3,1266.97,1266.97,0,Regular / Moderate-Value Customers
17159.0,22,3,1538.88,1538.88,0,Regular / Moderate-Value Customers
17160.0,31,6,3518.03,3518.03,0,Regular / Moderate-Value Customers
17162.0,29,10,1715.46,1715.46,0,Regular / Moderate-Value Customers
17163.0,22,2,293.1,293.1,0,Regular / Moderate-Value Customers
17164.0,33,7,2467.35,2467.35,0,Regular / Moderate-Value Customers
17165.0,284,1,158.68,158.68,1,At-Risk / Low-Value Customers
17166.0,39,2,206.34,206.34,0,Regular / Moderate-Value Customers
17169.0,58,2,835.78,835.78,0,Regular / Moderate-Value Customers
17171.0,289,1,224.91,224.91,1,At-Risk / Low-Value Customers
17172.0,79,1,317.76,317.76,0,Regular / Moderate-Value Customers
17173.0,5,8,3766.6,3766.6,0,Regular / Moderate-Value Customers
17174.0,218,1,59.9,59.9,1,At-Risk / Low-Value Customers
17175.0,44,4,1443.69,1443.69,0,Regular / Moderate-Value Customers
17176.0,202,1,306.13,306.13,1,At-Risk / Low-Value Customers
17179.0,178,3,711.79,711.79,1,At-Risk / Low-Value Customers
17180.0,56,4,783.97,783.97,0,Regular / Moderate-Value Customers
17181.0,57,2,239.92000000000002,239.92000000000002,0,Regular / Moderate-Value Customers
17183.0,8,6,3347.31,3347.31,0,Regular / Moderate-Value Customers
17186.0,47,2,144.0,144.0,0,Regular / Moderate-Value Customers
17187.0,227,1,203.95,203.95,1,At-Risk / Low-Value Customers
17188.0,11,7,2474.23,2474.23,0,Regular / Moderate-Value Customers
17189.0,106,2,383.75,383.75,0,Regular / Moderate-Value Customers
17190.0,59,2,444.74,444.74,0,Regular / Moderate-Value Customers
17191.0,28,7,2093.68,2093.68,0,Regular / Moderate-Value Customers
17193.0,36,7,1699.3000000000002,1699.3000000000002,0,Regular / Moderate-Value Customers
17194.0,274,2,262.62,262.62,1,At-Risk / Low-Value Customers
17197.0,30,1,1013.01,1013.01,0,Regular / Moderate-Value Customers
17198.0,24,3,692.22,692.22,0,Regular / Moderate-Value Customers
17201.0,54,1,289.78,289.78,0,Regular / Moderate-Value Customers
17203.0,36,6,3560.08,3560.08,0,Regular / Moderate-Value Customers
17204.0,175,4,1564.56,1564.56,1,At-Risk / Low-Value Customers
17205.0,54,1,384.08,384.08,0,Regular / Moderate-Value Customers
17206.0,53,1,204.24,204.24,0,Regular / Moderate-Value Customers
17211.0,27,8,2317.2200000000003,2317.2200000000003,0,Regular / Moderate-Value Customers
17212.0,253,1,226.85,226.85,1,At-Risk / Low-Value Customers
17213.0,40,7,2781.23,2781.23,0,Regular / Moderate-Value Customers
17214.0,60,6,1059.1200000000001,1059.1200000000001,0,Regular / Moderate-Value Customers
17217.0,234,1,113.5,113.5,1,At-Risk / Low-Value Customers
17218.0,4,10,1951.97,1951.97,0,Regular / Moderate-Value Customers
17219.0,32,1,114.23,114.23,0,Regular / Moderate-Value Customers
17220.0,24,14,3187.55,3187.55,0,Regular / Moderate-Value Customers
17221.0,7,2,334.48,334.48,0,Regular / Moderate-Value Customers
17222.0,65,1,328.65,328.65,0,Regular / Moderate-Value Customers
17223.0,310,2,416.89,416.89,1,At-Risk / Low-Value Customers
17226.0,309,1,393.49,393.49,1,At-Risk / Low-Value Customers
17227.0,19,6,939.32,939.32,0,Regular / Moderate-Value Customers
17228.0,16,8,1906.09,1906.09,0,Regular / Moderate-Value Customers
17229.0,96,2,318.76,318.76,0,Regular / Moderate-Value Customers
17230.0,264,8,3638.41,3638.41,1,At-Risk / Low-Value Customers
17231.0,12,10,3124.72,3124.72,0,Regular / Moderate-Value Customers
17232.0,3,2,417.77,417.77,0,Regular / Moderate-Value Customers
17233.0,35,1,190.88,190.88,0,Regular / Moderate-Value Customers
17234.0,183,1,149.89000000000001,149.89000000000001,1,At-Risk / Low-Value Customers
17235.0,25,2,550.06,550.06,0,Regular / Moderate-Value Customers
17236.0,13,6,916.13,916.13,0,Regular / Moderate-Value Customers
17237.0,11,2,314.69,314.69,0,Regular / Moderate-Value Customers
17238.0,3,17,3719.1,3719.1,3,Loyal / Valuable Customers
17239.0,313,1,382.5,382.5,1,At-Risk / Low-Value Customers
17242.0,108,2,1135.04,1135.04,0,Regular / Moderate-Value Customers
17243.0,1,26,8540.05,8540.05,3,Loyal / Valuable Customers
17244.0,53,1,954.9,954.9,0,Regular / Moderate-Value Customers
17245.0,205,1,171.45,171.45,1,At-Risk / Low-Value Customers
17247.0,15,1,280.09000000000003,280.09000000000003,0,Regular / Moderate-Value Customers
17248.0,120,1,318.65,318.65,0,Regular / Moderate-Value Customers
17250.0,4,2,381.97,381.97,0,Regular / Moderate-Value Customers
17251.0,363,1,269.83,269.83,1,At-Risk / Low-Value Customers
17252.0,117,2,348.91,348.91,0,Regular / Moderate-Value Customers
17253.0,18,1,178.26,178.26,0,Regular / Moderate-Value Customers
17254.0,5,2,271.19,271.19,0,Regular / Moderate-Value Customers
17255.0,41,2,291.48,291.48,0,Regular / Moderate-Value Customers
17256.0,107,2,240.0,240.0,0,Regular / Moderate-Value Customers
17259.0,148,2,581.23,581.23,1,At-Risk / Low-Value Customers
17262.0,52,5,1253.3600000000001,1253.3600000000001,0,Regular / Moderate-Value Customers
17263.0,208,1,63.440000000000005,63.440000000000005,1,At-Risk / Low-Value Customers
17265.0,139,2,550.01,550.01,0,Regular / Moderate-Value Customers
17266.0,2,3,296.58,296.58,0,Regular / Moderate-Value Customers
17267.0,127,2,317.2,317.2,0,Regular / Moderate-Value Customers
17268.0,108,4,763.64,763.64,0,Regular / Moderate-Value Customers
17272.0,42,4,2148.63,2148.63,0,Regular / Moderate-Value Customers
17274.0,35,1,107.82,107.82,0,Regular / Moderate-Value Customers
17277.0,228,2,1065.3500000000001,1065.3500000000001,1,At-Risk / Low-Value Customers
17278.0,241,1,246.04,246.04,1,At-Risk / Low-Value Customers
17279.0,58,1,187.82999999999998,187.82999999999998,0,Regular / Moderate-Value Customers
17282.0,130,3,1685.46,1685.46,0,Regular / Moderate-Value Customers
17284.0,60,6,1647.48,1647.48,0,Regular / Moderate-Value Customers
17286.0,22,1,151.37,151.37,0,Regular / Moderate-Value Customers
17287.0,26,7,1049.06,1049.06,0,Regular / Moderate-Value Customers
17288.0,9,7,1417.63,1417.63,0,Regular / Moderate-Value Customers
17289.0,32,3,931.02,931.02,0,Regular / Moderate-Value Customers
17290.0,4,2,513.01,513.01,0,Regular / Moderate-Value Customers
17291.0,308,1,550.8000000000001,550.8000000000001,1,At-Risk / Low-Value Customers
17293.0,8,9,1854.06,1854.06,0,Regular / Moderate-Value Customers
17295.0,29,3,547.0,547.0,0,Regular / Moderate-Value Customers
17297.0,17,1,128.18,128.18,0,Regular / Moderate-Value Customers
17298.0,101,2,498.42,498.42,0,Regular / Moderate-Value Customers
17299.0,12,4,656.61,656.61,0,Regular / Moderate-Value Customers
17301.0,21,1,163.24,163.24,0,Regular / Moderate-Value Customers
17302.0,15,5,1135.63,1135.63,0,Regular / Moderate-Value Customers
17303.0,361,1,250.04,250.04,1,At-Risk / Low-Value Customers
17306.0,11,19,8631.31,8631.31,3,Loyal / Valuable Customers
17309.0,95,1,82.75,82.75,0,Regular / Moderate-Value Customers
17311.0,78,2,1384.85,1384.85,0,Regular / Moderate-Value Customers
17312.0,139,3,644.3,644.3,0,Regular / Moderate-Value Customers
17313.0,31,1,2328.84,2328.84,0,Regular / Moderate-Value Customers
17314.0,25,8,2527.92,2527.92,0,Regular / Moderate-Value Customers
17315.0,2,38,6281.23,6281.23,3,Loyal / Valuable Customers
17317.0,46,3,2600.34,2600.34,0,Regular / Moderate-Value Customers
17320.0,100,3,1200.6200000000001,1200.6200000000001,0,Regular / Moderate-Value Customers
17321.0,8,2,657.16,657.16,0,Regular / Moderate-Value Customers
17323.0,15,7,906.52,906.52,0,Regular / Moderate-Value Customers
17324.0,18,4,986.48,986.48,0,Regular / Moderate-Value Customers
17325.0,280,1,96.8,96.8,1,At-Risk / Low-Value Customers
17329.0,14,2,523.11,523.11,0,Regular / Moderate-Value Customers
17330.0,23,2,363.9,363.9,0,Regular / Moderate-Value Customers
17331.0,124,1,175.2,175.2,0,Regular / Moderate-Value Customers
17333.0,86,1,494.25,494.25,0,Regular / Moderate-Value Customers
17334.0,302,2,307.02,307.02,1,At-Risk / Low-Value Customers
17337.0,151,4,1981.06,1981.06,1,At-Risk / Low-Value Customers
17338.0,17,8,6493.54,6493.54,0,Regular / Moderate-Value Customers
17339.0,94,2,243.36,243.36,0,Regular / Moderate-Value Customers
17340.0,30,11,12353.29,12353.29,3,Loyal / Valuable Customers
17341.0,157,3,682.29,682.29,1,At-Risk / Low-Value Customers
17343.0,355,1,193.64,193.64,1,At-Risk / Low-Value Customers
17344.0,46,1,157.62,157.62,0,Regular / Moderate-Value Customers
17345.0,15,4,519.6899999999999,519.6899999999999,0,Regular / Moderate-Value Customers
17346.0,4,15,2622.88,2622.88,3,Loyal / Valuable Customers
17347.0,86,1,228.96,228.96,0,Regular / Moderate-Value Customers
17348.0,15,5,1156.6,1156.6,0,Regular / Moderate-Value Customers
17349.0,179,1,98.25,98.25,1,At-Risk / Low-Value Customers
17350.0,8,4,1281.32,1281.32,0,Regular / Moderate-Value Customers
17351.0,36,3,587.15,587.15,0,Regular / Moderate-Value Customers
17353.0,129,2,1740.0,1740.0,0,Regular / Moderate-Value Customers
17354.0,51,1,1393.06,1393.06,0,Regular / Moderate-Value Customers
17356.0,312,1,178.22,178.22,1,At-Risk / Low-Value Customers
17357.0,24,2,384.39,384.39,0,Regular / Moderate-Value Customers
17358.0,303,2,360.81,360.81,1,At-Risk / Low-Value Customers
17359.0,11,1,127.86,127.86,0,Regular / Moderate-Value Customers
17360.0,17,3,568.24,568.24,0,Regular / Moderate-Value Customers
17361.0,49,3,488.2,488.2,0,Regular / Moderate-Value Customers
17362.0,239,2,312.23,312.23,1,At-Risk / Low-Value Customers
17364.0,1,11,4462.68,4462.68,0,Regular / Moderate-Value Customers
17365.0,13,8,4767.36,4767.36,0,Regular / Moderate-Value Customers
17367.0,238,1,167.55,167.55,1,At-Risk / Low-Value Customers
17368.0,23,8,1878.87,1878.87,0,Regular / Moderate-Value Customers
17370.0,73,4,446.18,446.18,0,Regular / Moderate-Value Customers
17371.0,17,3,418.4,418.4,0,Regular / Moderate-Value Customers
17372.0,41,8,1337.18,1337.18,0,Regular / Moderate-Value Customers
17373.0,40,4,646.92,646.92,0,Regular / Moderate-Value Customers
17374.0,219,2,495.77,495.77,1,At-Risk / Low-Value Customers
17375.0,199,3,400.1,400.1,1,At-Risk / Low-Value Customers
17376.0,71,2,203.2,203.2,0,Regular / Moderate-Value Customers
17377.0,24,20,4058.32,4058.32,3,Loyal / Valuable Customers
17379.0,11,1,389.71999999999997,389.71999999999997,0,Regular / Moderate-Value Customers
17381.0,9,29,20275.61,20275.61,3,Loyal / Valuable Customers
17382.0,65,1,65.4,65.4,0,Regular / Moderate-Value Customers
17383.0,4,1,193.39000000000001,193.39000000000001,0,Regular / Moderate-Value Customers
17384.0,19,2,336.4,336.4,0,Regular / Moderate-Value Customers
17385.0,15,1,256.11,256.11,0,Regular / Moderate-Value Customers
17386.0,8,6,2686.42,2686.42,0,Regular / Moderate-Value Customers
17387.0,20,2,746.81,746.81,0,Regular / Moderate-Value Customers
17388.0,78,4,1259.56,1259.56,0,Regular / Moderate-Value Customers
17389.0,1,34,31833.68,31833.68,3,Loyal / Valuable Customers
17391.0,164,2,508.8,508.8,1,At-Risk / Low-Value Customers
17392.0,307,2,417.27,417.27,1,At-Risk / Low-Value Customers
17394.0,219,1,203.86999999999998,203.86999999999998,1,At-Risk / Low-Value Customers
17396.0,39,8,7330.8,7330.8,0,Regular / Moderate-Value Customers
17397.0,22,2,681.41,681.41,0,Regular / Moderate-Value Customers
17398.0,115,3,653.38,653.38,0,Regular / Moderate-Value Customers
17400.0,126,5,2097.84,2097.84,0,Regular / Moderate-Value Customers
17402.0,5,13,2633.85,2633.85,0,Regular / Moderate-Value Customers
17403.0,36,1,263.92,263.92,0,Regular / Moderate-Value Customers
17404.0,4,15,31906.82,31906.82,3,Loyal / Valuable Customers
17405.0,1,3,1031.41,1031.41,0,Regular / Moderate-Value Customers
17406.0,333,3,2184.42,2184.42,1,At-Risk / Low-Value Customers
17408.0,163,1,32.65,32.65,1,At-Risk / Low-Value Customers
17409.0,185,2,771.85,771.85,1,At-Risk / Low-Value Customers
17410.0,16,5,1214.72,1214.72,0,Regular / Moderate-Value Customers
17411.0,12,3,778.94,778.94,0,Regular / Moderate-Value Customers
17412.0,3,7,1258.06,1258.06,0,Regular / Moderate-Value Customers
17414.0,44,2,778.0,778.0,0,Regular / Moderate-Value Customers
17415.0,80,1,507.84,507.84,0,Regular / Moderate-Value Customers
17416.0,30,7,6893.42,6893.42,0,Regular / Moderate-Value Customers
17418.0,42,2,463.46000000000004,463.46000000000004,0,Regular / Moderate-Value Customers
17419.0,11,12,4226.57,4226.57,0,Regular / Moderate-Value Customers
17420.0,50,3,598.83,598.83,0,Regular / Moderate-Value Customers
17422.0,16,6,1979.37,1979.37,0,Regular / Moderate-Value Customers
17423.0,46,2,698.41,698.41,0,Regular / Moderate-Value Customers
17425.0,19,2,759.17,759.17,0,Regular / Moderate-Value Customers
17426.0,8,6,5037.26,5037.26,0,Regular / Moderate-Value Customers
17427.0,72,1,100.8,100.8,0,Regular / Moderate-Value Customers
17428.0,1,28,17256.85,17256.85,3,Loyal / Valuable Customers
17429.0,128,3,524.9200000000001,524.9200000000001,0,Regular / Moderate-Value Customers
17430.0,33,2,265.76,265.76,0,Regular / Moderate-Value Customers
17431.0,313,1,403.3,403.3,1,At-Risk / Low-Value Customers
17432.0,18,2,365.76,365.76,0,Regular / Moderate-Value Customers
17433.0,88,1,303.15999999999997,303.15999999999997,0,Regular / Moderate-Value Customers
17434.0,2,7,2373.82,2373.82,0,Regular / Moderate-Value Customers
17436.0,2,2,216.29999999999998,216.29999999999998,0,Regular / Moderate-Value Customers
17438.0,254,1,388.45000000000005,388.45000000000005,1,At-Risk / Low-Value Customers
17440.0,157,3,186.42000000000002,186.42000000000002,1,At-Risk / Low-Value Customers
17442.0,37,6,2248.56,2248.56,0,Regular / Moderate-Value Customers
17443.0,220,1,534.24,534.24,1,At-Risk / Low-Value Customers
17444.0,148,3,2940.04,2940.04,1,At-Risk / Low-Value Customers
17446.0,177,2,120.9,120.9,1,At-Risk / Low-Value Customers
17447.0,40,2,541.53,541.53,0,Regular / Moderate-Value Customers
17449.0,2,7,2519.21,2519.21,0,Regular / Moderate-Value Customers
17450.0,8,46,194390.79,194390.79,2,High-Value Customers
17451.0,1,7,1721.4,1721.4,0,Regular / Moderate-Value Customers
17453.0,18,2,486.71999999999997,486.71999999999997,0,Regular / Moderate-Value Customers
17454.0,192,4,517.53,517.53,1,At-Risk / Low-Value Customers
17455.0,204,1,131.7,131.7,1,At-Risk / Low-Value Customers
17456.0,365,1,249.86,249.86,1,At-Risk / Low-Value Customers
17457.0,127,5,1737.7,1737.7,0,Regular / Moderate-Value Customers
17458.0,15,1,316.5,316.5,0,Regular / Moderate-Value Customers
17459.0,43,2,657.3,657.3,0,Regular / Moderate-Value Customers
17460.0,94,6,622.4300000000001,622.4300000000001,0,Regular / Moderate-Value Customers
17461.0,23,3,735.82,735.82,0,Regular / Moderate-Value Customers
17462.0,60,2,675.69,675.69,0,Regular / Moderate-Value Customers
17463.0,16,5,1875.86,1875.86,0,Regular / Moderate-Value Customers
17464.0,158,1,289.96000000000004,289.96000000000004,1,At-Risk / Low-Value Customers
17466.0,10,2,763.28,763.28,0,Regular / Moderate-Value Customers
17468.0,10,2,137.0,137.0,0,Regular / Moderate-Value Customers
17469.0,16,5,1870.97,1870.97,0,Regular / Moderate-Value Customers
17470.0,45,5,1125.07,1125.07,0,Regular / Moderate-Value Customers
17472.0,191,3,697.54,697.54,1,At-Risk / Low-Value Customers
17475.0,79,1,194.37,194.37,0,Regular / Moderate-Value Customers
17480.0,78,1,511.82,511.82,0,Regular / Moderate-Value Customers
17481.0,4,4,1255.59,1255.59,0,Regular / Moderate-Value Customers
17483.0,65,3,414.04,414.04,0,Regular / Moderate-Value Customers
17486.0,261,1,396.87,396.87,1,At-Risk / Low-Value Customers
17489.0,59,2,376.64,376.64,0,Regular / Moderate-Value Customers
17490.0,1,7,2092.32,2092.32,0,Regular / Moderate-Value Customers
17491.0,1,10,3558.87,3558.87,0,Regular / Moderate-Value Customers
17492.0,248,1,374.57,374.57,1,At-Risk / Low-Value Customers
17495.0,8,2,497.56,497.56,0,Regular / Moderate-Value Customers
17496.0,359,1,271.05,271.05,1,At-Risk / Low-Value Customers
17498.0,76,1,272.22,272.22,0,Regular / Moderate-Value Customers
17499.0,290,1,622.88,622.88,1,At-Risk / Low-Value Customers
17500.0,17,3,1138.0,1138.0,0,Regular / Moderate-Value Customers
17501.0,221,2,288.6,288.6,1,At-Risk / Low-Value Customers
17502.0,9,4,689.1,689.1,0,Regular / Moderate-Value Customers
17503.0,3,2,558.96,558.96,0,Regular / Moderate-Value Customers
17504.0,206,9,2997.0299999999997,2997.0299999999997,1,At-Risk / Low-Value Customers
17505.0,162,2,1145.84,1145.84,1,At-Risk / Low-Value Customers
17506.0,76,1,302.2,302.2,0,Regular / Moderate-Value Customers
17507.0,262,2,605.58,605.58,1,At-Risk / Low-Value Customers
17508.0,281,1,387.31,387.31,1,At-Risk / Low-Value Customers
17509.0,58,8,6083.64,6083.64,0,Regular / Moderate-Value Customers
17510.0,25,1,308.48,308.48,0,Regular / Moderate-Value Customers
17511.0,3,31,91062.38,91062.38,2,High-Value Customers
17512.0,29,10,2924.9900000000002,2924.9900000000002,0,Regular / Moderate-Value Customers
17513.0,72,1,513.2,513.2,0,Regular / Moderate-Value Customers
17514.0,128,1,208.65,208.65,0,Regular / Moderate-Value Customers
17515.0,31,4,639.02,639.02,0,Regular / Moderate-Value Customers
17516.0,15,5,764.88,764.88,0,Regular / Moderate-Value Customers
17517.0,309,1,153.94,153.94,1,At-Risk / Low-Value Customers
17519.0,17,6,1844.02,1844.02,0,Regular / Moderate-Value Customers
17520.0,54,1,546.81,546.81,0,Regular / Moderate-Value Customers
17521.0,30,3,723.2099999999999,723.2099999999999,0,Regular / Moderate-Value Customers
17522.0,2,5,1070.71,1070.71,0,Regular / Moderate-Value Customers
17523.0,11,4,652.74,652.74,0,Regular / Moderate-Value Customers
17524.0,361,1,145.0,145.0,1,At-Risk / Low-Value Customers
17525.0,360,1,422.70000000000005,422.70000000000005,1,At-Risk / Low-Value Customers
17526.0,5,4,1195.8999999999999,1195.8999999999999,0,Regular / Moderate-Value Customers
17527.0,54,4,939.37,939.37,0,Regular / Moderate-Value Customers
17528.0,1,8,3628.5,3628.5,0,Regular / Moderate-Value Customers
17530.0,1,10,2367.12,2367.12,0,Regular / Moderate-Value Customers
17531.0,190,1,296.7,296.7,1,At-Risk / Low-Value Customers
17534.0,54,1,223.36,223.36,0,Regular / Moderate-Value Customers
17535.0,280,1,164.4,164.4,1,At-Risk / Low-Value Customers
17536.0,177,1,76.5,76.5,1,At-Risk / Low-Value Customers
17537.0,30,2,887.67,887.67,0,Regular / Moderate-Value Customers
17538.0,26,1,98.42,98.42,0,Regular / Moderate-Value Customers
17540.0,25,2,578.9,578.9,0,Regular / Moderate-Value Customers
17542.0,270,1,170.75,170.75,1,At-Risk / Low-Value Customers
17545.0,43,3,642.32,642.32,0,Regular / Moderate-Value Customers
17548.0,234,1,103.3,103.3,1,At-Risk / Low-Value Customers
17549.0,24,2,148.86,148.86,0,Regular / Moderate-Value Customers
17550.0,197,3,267.16,267.16,1,At-Risk / Low-Value Customers
17551.0,359,1,290.34,290.34,1,At-Risk / Low-Value Customers
17552.0,60,4,930.41,930.41,0,Regular / Moderate-Value Customers
17553.0,130,1,1487.6,1487.6,0,Regular / Moderate-Value Customers
17554.0,1,5,1952.45,1952.45,0,Regular / Moderate-Value Customers
17555.0,20,2,480.31,480.31,0,Regular / Moderate-Value Customers
17556.0,206,1,157.9,157.9,1,At-Risk / Low-Value Customers
17557.0,14,3,541.46,541.46,0,Regular / Moderate-Value Customers
17560.0,95,4,854.95,854.95,0,Regular / Moderate-Value Customers
17561.0,19,1,165.12,165.12,0,Regular / Moderate-Value Customers
17562.0,14,7,1122.38,1122.38,0,Regular / Moderate-Value Customers
17564.0,24,3,454.01,454.01,0,Regular / Moderate-Value Customers
17566.0,8,2,869.77,869.77,0,Regular / Moderate-Value Customers
17567.0,7,8,4331.48,4331.48,0,Regular / Moderate-Value Customers
17569.0,332,1,344.14,344.14,1,At-Risk / Low-Value Customers
17571.0,50,4,1425.67,1425.67,0,Regular / Moderate-Value Customers
17572.0,71,4,226.75000000000003,226.75000000000003,0,Regular / Moderate-Value Customers
17573.0,29,3,380.6,380.6,0,Regular / Moderate-Value Customers
17574.0,243,1,185.65,185.65,1,At-Risk / Low-Value Customers
17576.0,8,19,3564.83,3564.83,3,Loyal / Valuable Customers
17578.0,218,1,143.45999999999998,143.45999999999998,1,At-Risk / Low-Value Customers
17579.0,5,3,448.90000000000003,448.90000000000003,0,Regular / Moderate-Value Customers
17580.0,253,3,215.72,215.72,1,At-Risk / Low-Value Customers
17581.0,1,25,11025.24,11025.24,3,Loyal / Valuable Customers
17582.0,236,1,175.27,175.27,1,At-Risk / Low-Value Customers
17584.0,7,2,1242.3,1242.3,0,Regular / Moderate-Value Customers
17585.0,109,4,1116.68,1116.68,0,Regular / Moderate-Value Customers
17588.0,100,3,1240.2,1240.2,0,Regular / Moderate-Value Customers
17589.0,60,4,2404.17,2404.17,0,Regular / Moderate-Value Customers
17590.0,2,3,1468.02,1468.02,0,Regular / Moderate-Value Customers
17591.0,73,7,2203.67,2203.67,0,Regular / Moderate-Value Customers
17593.0,4,5,3923.86,3923.86,0,Regular / Moderate-Value Customers
17594.0,85,2,993.18,993.18,0,Regular / Moderate-Value Customers
17595.0,12,2,386.69,386.69,0,Regular / Moderate-Value Customers
17596.0,23,7,2806.69,2806.69,0,Regular / Moderate-Value Customers
17597.0,214,1,2044.3700000000001,2044.3700000000001,1,At-Risk / Low-Value Customers
17600.0,18,1,161.67000000000002,161.67000000000002,0,Regular / Moderate-Value Customers
17601.0,239,1,116.00999999999999,116.00999999999999,1,At-Risk / Low-Value Customers
17602.0,2,6,5054.42,5054.42,0,Regular / Moderate-Value Customers
17603.0,78,1,394.72,394.72,0,Regular / Moderate-Value Customers
17604.0,217,2,309.36,309.36,1,At-Risk / Low-Value Customers
17608.0,33,2,191.99,191.99,0,Regular / Moderate-Value Customers
17609.0,41,5,1105.78,1105.78,0,Regular / Moderate-Value Customers
17611.0,7,15,3961.12,3961.12,3,Loyal / Valuable Customers
17612.0,53,6,2048.45,2048.45,0,Regular / Moderate-Value Customers
17613.0,23,14,4544.55,4544.55,0,Regular / Moderate-Value Customers
17614.0,57,1,386.32,386.32,0,Regular / Moderate-Value Customers
17615.0,130,3,329.6,329.6,0,Regular / Moderate-Value Customers
17616.0,174,3,571.1999999999999,571.1999999999999,1,At-Risk / Low-Value Customers
17618.0,6,3,930.28,930.28,0,Regular / Moderate-Value Customers
17619.0,312,1,214.37,214.37,1,At-Risk / Low-Value Customers
17620.0,60,1,81.44,81.44,0,Regular / Moderate-Value Customers
17621.0,21,3,1379.9,1379.9,0,Regular / Moderate-Value Customers
17623.0,33,1,527.0500000000001,527.0500000000001,0,Regular / Moderate-Value Customers
17624.0,15,2,843.48,843.48,0,Regular / Moderate-Value Customers
17625.0,18,4,2020.4,2020.4,0,Regular / Moderate-Value Customers
17628.0,81,1,75.75,75.75,0,Regular / Moderate-Value Customers
17629.0,6,8,1814.12,1814.12,0,Regular / Moderate-Value Customers
17630.0,170,2,503.59999999999997,503.59999999999997,1,At-Risk / Low-Value Customers
17631.0,2,3,528.33,528.33,0,Regular / Moderate-Value Customers
17633.0,31,4,1324.84,1324.84,0,Regular / Moderate-Value Customers
17634.0,36,9,2358.59,2358.59,0,Regular / Moderate-Value Customers
17636.0,19,1,285.56,285.56,0,Regular / Moderate-Value Customers
17637.0,31,2,547.0600000000001,547.0600000000001,0,Regular / Moderate-Value Customers
17639.0,276,1,108.5,108.5,1,At-Risk / Low-Value Customers
17640.0,87,1,621.66,621.66,0,Regular / Moderate-Value Customers
17642.0,120,2,712.29,712.29,0,Regular / Moderate-Value Customers
17643.0,373,1,101.55,101.55,1,At-Risk / Low-Value Customers
17644.0,1,11,2895.64,2895.64,0,Regular / Moderate-Value Customers
17646.0,219,3,1008.39,1008.39,1,At-Risk / Low-Value Customers
17647.0,65,1,133.06,133.06,0,Regular / Moderate-Value Customers
17648.0,61,4,1797.5,1797.5,0,Regular / Moderate-Value Customers
17649.0,138,1,868.49,868.49,0,Regular / Moderate-Value Customers
17650.0,21,1,166.08,166.08,0,Regular / Moderate-Value Customers
17651.0,12,10,3945.0,3945.0,0,Regular / Moderate-Value Customers
17652.0,25,12,4867.72,4867.72,0,Regular / Moderate-Value Customers
17653.0,37,4,1207.56,1207.56,0,Regular / Moderate-Value Customers
17654.0,277,1,117.55,117.55,1,At-Risk / Low-Value Customers
17655.0,11,7,2638.94,2638.94,0,Regular / Moderate-Value Customers
17656.0,73,5,1674.69,1674.69,0,Regular / Moderate-Value Customers
17658.0,26,2,595.42,595.42,0,Regular / Moderate-Value Customers
17659.0,17,12,2999.46,2999.46,0,Regular / Moderate-Value Customers
17660.0,141,1,178.75,178.75,0,Regular / Moderate-Value Customers
17663.0,26,7,1802.91,1802.91,0,Regular / Moderate-Value Customers
17664.0,19,2,604.64,604.64,0,Regular / Moderate-Value Customers
17666.0,4,2,728.16,728.16,0,Regular / Moderate-Value Customers
17667.0,66,5,2055.51,2055.51,0,Regular / Moderate-Value Customers
17668.0,1,2,347.75,347.75,0,Regular / Moderate-Value Customers
17669.0,43,7,3406.7200000000003,3406.7200000000003,0,Regular / Moderate-Value Customers
17670.0,228,1,205.7,205.7,1,At-Risk / Low-Value Customers
17671.0,16,4,1572.71,1572.71,0,Regular / Moderate-Value Customers
17672.0,50,2,3178.17,3178.17,0,Regular / Moderate-Value Customers
17673.0,2,6,1594.97,1594.97,0,Regular / Moderate-Value Customers
17674.0,74,2,551.04,551.04,0,Regular / Moderate-Value Customers
17675.0,1,31,20374.28,20374.28,3,Loyal / Valuable Customers
17676.0,4,6,1371.18,1371.18,0,Regular / Moderate-Value Customers
17677.0,2,30,16345.38,16345.38,3,Loyal / Valuable Customers
17678.0,264,1,298.11,298.11,1,At-Risk / Low-Value Customers
17679.0,53,2,1992.1100000000001,1992.1100000000001,0,Regular / Moderate-Value Customers
17680.0,24,1,184.4,184.4,0,Regular / Moderate-Value Customers
17682.0,10,6,2474.33,2474.33,0,Regular / Moderate-Value Customers
17684.0,44,1,239.41,239.41,0,Regular / Moderate-Value Customers
17685.0,17,7,3155.83,3155.83,0,Regular / Moderate-Value Customers
17686.0,7,7,5739.46,5739.46,0,Regular / Moderate-Value Customers
17690.0,30,15,4726.8,4726.8,3,Loyal / Valuable Customers
17691.0,358,2,290.40000000000003,290.40000000000003,1,At-Risk / Low-Value Customers
17692.0,127,4,740.9399999999999,740.9399999999999,0,Regular / Moderate-Value Customers
17693.0,137,1,200.47,200.47,0,Regular / Moderate-Value Customers
17694.0,142,1,283.12,283.12,0,Regular / Moderate-Value Customers
17695.0,132,2,765.34,765.34,0,Regular / Moderate-Value Customers
17696.0,38,8,2285.71,2285.71,0,Regular / Moderate-Value Customers
17697.0,236,1,338.95,338.95,1,At-Risk / Low-Value Customers
17698.0,261,1,154.95,154.95,1,At-Risk / Low-Value Customers
17700.0,17,4,2534.64,2534.64,0,Regular / Moderate-Value Customers
17701.0,253,1,417.95,417.95,1,At-Risk / Low-Value Customers
17702.0,30,4,1824.37,1824.37,0,Regular / Moderate-Value Customers
17703.0,35,3,798.74,798.74,0,Regular / Moderate-Value Customers
17704.0,169,2,885.19,885.19,1,At-Risk / Low-Value Customers
17705.0,3,9,1823.52,1823.52,0,Regular / Moderate-Value Customers
17706.0,4,17,10504.49,10504.49,3,Loyal / Valuable Customers
17707.0,185,2,152.4,152.4,1,At-Risk / Low-Value Customers
17708.0,188,2,263.33,263.33,1,At-Risk / Low-Value Customers
17709.0,170,1,137.45,137.45,1,At-Risk / Low-Value Customers
17711.0,11,2,385.1,385.1,0,Regular / Moderate-Value Customers
17712.0,45,1,522.91,522.91,0,Regular / Moderate-Value Customers
17714.0,321,1,153.0,153.0,1,At-Risk / Low-Value Customers
17715.0,201,1,326.4,326.4,1,At-Risk / Low-Value Customers
17716.0,23,11,5655.99,5655.99,0,Regular / Moderate-Value Customers
17718.0,232,1,139.35,139.35,1,At-Risk / Low-Value Customers
17719.0,38,15,5396.04,5396.04,3,Loyal / Valuable Customers
17720.0,26,4,1195.94,1195.94,0,Regular / Moderate-Value Customers
17722.0,96,4,2424.04,2424.04,0,Regular / Moderate-Value Customers
17723.0,127,6,3276.4000000000005,3276.4000000000005,0,Regular / Moderate-Value Customers
17724.0,71,3,1033.0,1033.0,0,Regular / Moderate-Value Customers
17725.0,16,11,3439.08,3439.08,0,Regular / Moderate-Value Customers
17727.0,15,1,1060.25,1060.25,0,Regular / Moderate-Value Customers
17728.0,4,3,2876.01,2876.01,0,Regular / Moderate-Value Customers
17730.0,3,13,5298.4800000000005,5298.4800000000005,0,Regular / Moderate-Value Customers
17731.0,79,4,1240.11,1240.11,0,Regular / Moderate-Value Customers
17732.0,373,1,303.97,303.97,1,At-Risk / Low-Value Customers
17733.0,39,2,692.19,692.19,0,Regular / Moderate-Value Customers
17734.0,54,3,700.63,700.63,0,Regular / Moderate-Value Customers
17735.0,2,19,13110.02,13110.02,3,Loyal / Valuable Customers
17736.0,9,3,377.44,377.44,0,Regular / Moderate-Value Customers
17737.0,9,2,168.24,168.24,0,Regular / Moderate-Value Customers
17738.0,19,4,1879.05,1879.05,0,Regular / Moderate-Value Customers
17739.0,12,7,2791.35,2791.35,0,Regular / Moderate-Value Customers
17742.0,113,2,355.11,355.11,0,Regular / Moderate-Value Customers
17744.0,4,6,2322.4,2322.4,0,Regular / Moderate-Value Customers
17746.0,240,1,110.25,110.25,1,At-Risk / Low-Value Customers
17747.0,113,1,71.4,71.4,0,Regular / Moderate-Value Customers
17749.0,178,2,674.52,674.52,1,At-Risk / Low-Value Customers
17750.0,5,9,1710.45,1710.45,0,Regular / Moderate-Value Customers
17752.0,359,1,80.64,80.64,1,At-Risk / Low-Value Customers
17754.0,1,5,1664.65,1664.65,0,Regular / Moderate-Value Customers
17757.0,1,30,5593.39,5593.39,3,Loyal / Valuable Customers
17758.0,19,8,3408.2000000000003,3408.2000000000003,0,Regular / Moderate-Value Customers
17759.0,17,3,819.96,819.96,0,Regular / Moderate-Value Customers
17760.0,22,2,287.59,287.59,0,Regular / Moderate-Value Customers
17761.0,33,1,712.78,712.78,0,Regular / Moderate-Value Customers
17763.0,263,1,15.0,15.0,1,At-Risk / Low-Value Customers
17764.0,51,2,772.55,772.55,0,Regular / Moderate-Value Customers
17765.0,159,3,367.63,367.63,1,At-Risk / Low-Value Customers
17767.0,15,1,271.2,271.2,0,Regular / Moderate-Value Customers
17768.0,8,3,2081.9,2081.9,0,Regular / Moderate-Value Customers
17769.0,13,10,3957.43,3957.43,0,Regular / Moderate-Value Customers
17770.0,199,5,1143.27,1143.27,1,At-Risk / Low-Value Customers
17771.0,57,2,245.81,245.81,0,Regular / Moderate-Value Customers
17772.0,11,2,173.45,173.45,0,Regular / Moderate-Value Customers
17774.0,97,4,1213.73,1213.73,0,Regular / Moderate-Value Customers
17775.0,255,1,56.4,56.4,1,At-Risk / Low-Value Customers
17777.0,25,3,647.56,647.56,0,Regular / Moderate-Value Customers
17779.0,21,3,650.32,650.32,0,Regular / Moderate-Value Customers
17781.0,159,2,188.02,188.02,1,At-Risk / Low-Value Customers
17783.0,72,2,283.47,283.47,0,Regular / Moderate-Value Customers
17785.0,53,1,131.94,131.94,0,Regular / Moderate-Value Customers
17786.0,85,2,266.85,266.85,0,Regular / Moderate-Value Customers
17787.0,153,4,1817.54,1817.54,1,At-Risk / Low-Value Customers
17788.0,74,2,1117.9,1117.9,0,Regular / Moderate-Value Customers
17789.0,281,1,225.9,225.9,1,At-Risk / Low-Value Customers
17790.0,27,14,1964.3,1964.3,0,Regular / Moderate-Value Customers
17791.0,30,1,106.1,106.1,0,Regular / Moderate-Value Customers
17793.0,25,1,300.34,300.34,0,Regular / Moderate-Value Customers
17795.0,180,2,342.83,342.83,1,At-Risk / Low-Value Customers
17796.0,40,4,690.0,690.0,0,Regular / Moderate-Value Customers
17797.0,22,3,780.43,780.43,0,Regular / Moderate-Value Customers
17799.0,22,10,3039.17,3039.17,0,Regular / Moderate-Value Customers
17800.0,37,9,1187.21,1187.21,0,Regular / Moderate-Value Customers
17802.0,82,3,1285.04,1285.04,0,Regular / Moderate-Value Customers
17805.0,74,1,512.31,512.31,0,Regular / Moderate-Value Customers
17806.0,11,1,546.04,546.04,0,Regular / Moderate-Value Customers
17809.0,16,12,5411.91,5411.91,0,Regular / Moderate-Value Customers
17811.0,4,39,7761.82,7761.82,3,Loyal / Valuable Customers
17812.0,13,4,699.81,699.81,0,Regular / Moderate-Value Customers
17813.0,14,5,1698.07,1698.07,0,Regular / Moderate-Value Customers
17816.0,37,4,36.56,36.56,0,Regular / Moderate-Value Customers
17817.0,4,3,387.68,387.68,0,Regular / Moderate-Value Customers
17819.0,72,7,3704.87,3704.87,0,Regular / Moderate-Value Customers
17824.0,51,1,298.4,298.4,0,Regular / Moderate-Value Customers
17827.0,5,5,1987.33,1987.33,0,Regular / Moderate-Value Customers
17828.0,23,4,1820.09,1820.09,0,Regular / Moderate-Value Customers
17829.0,299,1,889.24,889.24,1,At-Risk / Low-Value Customers
17830.0,2,3,398.7,398.7,0,Regular / Moderate-Value Customers
17831.0,33,1,35.400000000000006,35.400000000000006,0,Regular / Moderate-Value Customers
17832.0,50,1,155.37,155.37,0,Regular / Moderate-Value Customers
17835.0,3,3,342.24,342.24,0,Regular / Moderate-Value Customers
17836.0,47,1,110.21000000000001,110.21000000000001,0,Regular / Moderate-Value Customers
17837.0,42,8,1541.23,1541.23,0,Regular / Moderate-Value Customers
17838.0,27,5,2720.8,2720.8,0,Regular / Moderate-Value Customers
17839.0,42,1,318.15,318.15,0,Regular / Moderate-Value Customers
17841.0,2,124,40519.84,40519.84,2,High-Value Customers
17843.0,303,1,205.48,205.48,1,At-Risk / Low-Value Customers
17844.0,107,1,51.559999999999995,51.559999999999995,0,Regular / Moderate-Value Customers
17846.0,85,1,2033.1,2033.1,0,Regular / Moderate-Value Customers
17848.0,81,9,901.1999999999999,901.1999999999999,0,Regular / Moderate-Value Customers
17849.0,218,4,605.8000000000001,605.8000000000001,1,At-Risk / Low-Value Customers
17850.0,372,34,5391.21,5391.21,3,Loyal / Valuable Customers
17852.0,12,2,114.34,114.34,0,Regular / Moderate-Value Customers
17854.0,185,2,311.26,311.26,1,At-Risk / Low-Value Customers
17855.0,373,1,208.97,208.97,1,At-Risk / Low-Value Customers
17856.0,2,4,1418.03,1418.03,0,Regular / Moderate-Value Customers
17857.0,4,23,26879.04,26879.04,3,Loyal / Valuable Customers
17858.0,6,12,5140.66,5140.66,0,Regular / Moderate-Value Customers
17859.0,305,1,141.92000000000002,141.92000000000002,1,At-Risk / Low-Value Customers
17860.0,369,1,226.45000000000002,226.45000000000002,1,At-Risk / Low-Value Customers
17861.0,3,8,2097.88,2097.88,0,Regular / Moderate-Value Customers
17862.0,324,1,330.9,330.9,1,At-Risk / Low-Value Customers
17863.0,59,6,3160.0,3160.0,0,Regular / Moderate-Value Customers
17864.0,13,3,554.85,554.85,0,Regular / Moderate-Value Customers
17865.0,31,20,10526.32,10526.32,3,Loyal / Valuable Customers
17866.0,143,1,329.65,329.65,1,At-Risk / Low-Value Customers
17867.0,30,6,1157.8700000000001,1157.8700000000001,0,Regular / Moderate-Value Customers
17869.0,107,5,428.18,428.18,0,Regular / Moderate-Value Customers
17870.0,2,12,1865.89,1865.89,0,Regular / Moderate-Value Customers
17871.0,205,1,155.9,155.9,1,At-Risk / Low-Value Customers
17873.0,80,5,1848.96,1848.96,0,Regular / Moderate-Value Customers
17874.0,185,6,683.46,683.46,1,At-Risk / Low-Value Customers
17877.0,170,1,237.61,237.61,1,At-Risk / Low-Value Customers
17878.0,44,1,379.45,379.45,0,Regular / Moderate-Value Customers
17879.0,174,1,178.51999999999998,178.51999999999998,1,At-Risk / Low-Value Customers
17880.0,365,1,458.92,458.92,1,At-Risk / Low-Value Customers
17881.0,304,1,133.35000000000002,133.35000000000002,1,At-Risk / Low-Value Customers
17883.0,3,4,664.34,664.34,0,Regular / Moderate-Value Customers
17884.0,4,4,695.0699999999999,695.0699999999999,0,Regular / Moderate-Value Customers
17885.0,12,1,156.34,156.34,0,Regular / Moderate-Value Customers
17886.0,32,3,869.28,869.28,0,Regular / Moderate-Value Customers
17887.0,129,1,111.35,111.35,0,Regular / Moderate-Value Customers
17888.0,21,8,716.0,716.0,0,Regular / Moderate-Value Customers
17889.0,212,2,201.37,201.37,1,At-Risk / Low-Value Customers
17890.0,323,2,586.89,586.89,1,At-Risk / Low-Value Customers
17891.0,162,1,203.85999999999999,203.85999999999999,1,At-Risk / Low-Value Customers
17892.0,56,3,244.1,244.1,0,Regular / Moderate-Value Customers
17893.0,225,1,107.21,107.21,1,At-Risk / Low-Value Customers
17894.0,72,8,1118.96,1118.96,0,Regular / Moderate-Value Customers
17895.0,44,1,95.45,95.45,0,Regular / Moderate-Value Customers
17896.0,23,1,256.32,256.32,0,Regular / Moderate-Value Customers
17897.0,173,3,541.8100000000001,541.8100000000001,1,At-Risk / Low-Value Customers
17898.0,85,2,152.06,152.06,0,Regular / Moderate-Value Customers
17899.0,159,1,154.55,154.55,1,At-Risk / Low-Value Customers
17900.0,190,2,112.19999999999999,112.19999999999999,1,At-Risk / Low-Value Customers
17901.0,29,1,110.38,110.38,0,Regular / Moderate-Value Customers
17904.0,21,1,181.07,181.07,0,Regular / Moderate-Value Customers
17905.0,71,4,798.99,798.99,0,Regular / Moderate-Value Customers
17906.0,247,1,72.9,72.9,1,At-Risk / Low-Value Customers
17908.0,374,1,232.03,232.03,1,At-Risk / Low-Value Customers
17911.0,9,1,366.23,366.23,0,Regular / Moderate-Value Customers
17912.0,310,5,310.06,310.06,1,At-Risk / Low-Value Customers
17913.0,59,2,408.65,408.65,0,Regular / Moderate-Value Customers
17914.0,4,1,329.36,329.36,0,Regular / Moderate-Value Customers
17917.0,45,3,335.03,335.03,0,Regular / Moderate-Value Customers
17919.0,88,1,1304.04,1304.04,0,Regular / Moderate-Value Customers
17920.0,4,17,4119.5,4119.5,3,Loyal / Valuable Customers
17921.0,64,4,820.23,820.23,0,Regular / Moderate-Value Customers
17923.0,282,1,207.50000000000003,207.50000000000003,1,At-Risk / Low-Value Customers
17924.0,12,7,2962.5,2962.5,0,Regular / Moderate-Value Customers
17925.0,373,1,244.08,244.08,1,At-Risk / Low-Value Customers
17926.0,133,2,397.29,397.29,0,Regular / Moderate-Value Customers
17928.0,45,2,212.54,212.54,0,Regular / Moderate-Value Customers
17929.0,11,4,843.0,843.0,0,Regular / Moderate-Value Customers
17930.0,36,5,1740.48,1740.48,0,Regular / Moderate-Value Customers
17931.0,134,2,408.36,408.36,0,Regular / Moderate-Value Customers
17932.0,29,3,1331.57,1331.57,0,Regular / Moderate-Value Customers
17934.0,52,2,704.25,704.25,0,Regular / Moderate-Value Customers
17935.0,138,2,145.79,145.79,0,Regular / Moderate-Value Customers
17936.0,5,1,380.13,380.13,0,Regular / Moderate-Value Customers
17937.0,9,7,4301.22,4301.22,0,Regular / Moderate-Value Customers
17939.0,160,1,99.14,99.14,1,At-Risk / Low-Value Customers
17940.0,49,10,4020.04,4020.04,0,Regular / Moderate-Value Customers
17941.0,131,1,304.56,304.56,0,Regular / Moderate-Value Customers
17942.0,8,1,77.50000000000001,77.50000000000001,0,Regular / Moderate-Value Customers
17946.0,233,2,149.57999999999998,149.57999999999998,1,At-Risk / Low-Value Customers
17947.0,37,1,176.68,176.68,0,Regular / Moderate-Value Customers
17948.0,147,1,358.56000000000006,358.56000000000006,1,At-Risk / Low-Value Customers
17949.0,1,45,58510.48,58510.48,3,Loyal / Valuable Customers
17950.0,72,3,482.2,482.2,0,Regular / Moderate-Value Customers
17951.0,40,3,1008.5400000000001,1008.5400000000001,0,Regular / Moderate-Value Customers
17954.0,5,12,2314.13,2314.13,0,Regular / Moderate-Value Customers
17955.0,199,4,557.3,557.3,1,At-Risk / Low-Value Customers
17956.0,249,1,12.75,12.75,1,At-Risk / Low-Value Customers
17957.0,66,1,111.68,111.68,0,Regular / Moderate-Value Customers
17958.0,117,1,508.4599999999999,508.4599999999999,0,Regular / Moderate-Value Customers
17960.0,171,1,73.78,73.78,1,At-Risk / Low-Value Customers
17961.0,21,39,1296.44,1296.44,3,Loyal / Valuable Customers
17962.0,142,1,102.41,102.41,0,Regular / Moderate-Value Customers
17964.0,32,2,463.21,463.21,0,Regular / Moderate-Value Customers
17965.0,38,14,2599.19,2599.19,0,Regular / Moderate-Value Customers
17966.0,38,5,1098.43,1098.43,0,Regular / Moderate-Value Customers
17967.0,372,1,112.27,112.27,1,At-Risk / Low-Value Customers
17968.0,374,1,265.1,265.1,1,At-Risk / Low-Value Customers
17969.0,166,2,228.2,228.2,1,At-Risk / Low-Value Customers
17970.0,211,1,562.79,562.79,1,At-Risk / Low-Value Customers
17972.0,242,1,135.19,135.19,1,At-Risk / Low-Value Customers
17973.0,52,1,337.04,337.04,0,Regular / Moderate-Value Customers
17974.0,25,3,703.99,703.99,0,Regular / Moderate-Value Customers
17975.0,15,13,4483.26,4483.26,0,Regular / Moderate-Value Customers
17976.0,372,1,321.79,321.79,1,At-Risk / Low-Value Customers
17977.0,29,1,288.14,288.14,0,Regular / Moderate-Value Customers
17978.0,365,1,300.91999999999996,300.91999999999996,1,At-Risk / Low-Value Customers
17979.0,36,4,732.41,732.41,0,Regular / Moderate-Value Customers
17980.0,166,3,811.45,811.45,1,At-Risk / Low-Value Customers
17984.0,145,1,152.68,152.68,1,At-Risk / Low-Value Customers
17985.0,22,1,631.35,631.35,0,Regular / Moderate-Value Customers
17986.0,56,1,20.8,20.8,0,Regular / Moderate-Value Customers
17987.0,185,1,198.57,198.57,1,At-Risk / Low-Value Customers
17988.0,12,7,201.12,201.12,0,Regular / Moderate-Value Customers
17990.0,237,3,630.84,630.84,1,At-Risk / Low-Value Customers
17991.0,225,2,93.35,93.35,1,At-Risk / Low-Value Customers
17994.0,122,4,674.89,674.89,0,Regular / Moderate-Value Customers
17995.0,282,1,76.1,76.1,1,At-Risk / Low-Value Customers
17997.0,74,8,1962.46,1962.46,0,Regular / Moderate-Value Customers
17999.0,37,2,380.39,380.39,0,Regular / Moderate-Value Customers
18001.0,12,2,415.13,415.13,0,Regular / Moderate-Value Customers
18004.0,362,1,157.92,157.92,1,At-Risk / Low-Value Customers
18005.0,4,2,226.47,226.47,0,Regular / Moderate-Value Customers
18006.0,23,1,444.68,444.68,0,Regular / Moderate-Value Customers
18008.0,70,9,2116.19,2116.19,0,Regular / Moderate-Value Customers
18009.0,235,1,247.39,247.39,1,At-Risk / Low-Value Customers
18010.0,257,1,174.8,174.8,1,At-Risk / Low-Value Customers
18011.0,373,1,102.78999999999999,102.78999999999999,1,At-Risk / Low-Value Customers
18013.0,155,2,187.29,187.29,1,At-Risk / Low-Value Customers
18014.0,28,1,162.22,162.22,0,Regular / Moderate-Value Customers
18015.0,4,1,120.03,120.03,0,Regular / Moderate-Value Customers
18016.0,32,5,1477.66,1477.66,0,Regular / Moderate-Value Customers
18017.0,81,3,523.0,523.0,0,Regular / Moderate-Value Customers
18018.0,108,2,122.14,122.14,0,Regular / Moderate-Value Customers
18019.0,52,1,38.45,38.45,0,Regular / Moderate-Value Customers
18022.0,36,1,612.72,612.72,0,Regular / Moderate-Value Customers
18024.0,153,2,389.78,389.78,1,At-Risk / Low-Value Customers
18027.0,99,1,115.31,115.31,0,Regular / Moderate-Value Customers
18030.0,4,2,230.64999999999998,230.64999999999998,0,Regular / Moderate-Value Customers
18032.0,334,1,73.5,73.5,1,At-Risk / Low-Value Customers
18033.0,65,1,93.82000000000001,93.82000000000001,0,Regular / Moderate-Value Customers
18034.0,22,2,418.68,418.68,0,Regular / Moderate-Value Customers
18035.0,36,3,713.89,713.89,0,Regular / Moderate-Value Customers
18036.0,32,3,403.12,403.12,0,Regular / Moderate-Value Customers
18037.0,154,6,70.02,70.02,1,At-Risk / Low-Value Customers
18040.0,19,2,357.20000000000005,357.20000000000005,0,Regular / Moderate-Value Customers
18041.0,12,21,4097.37,4097.37,3,Loyal / Valuable Customers
18042.0,54,1,165.04999999999998,165.04999999999998,0,Regular / Moderate-Value Customers
18043.0,25,3,529.29,529.29,0,Regular / Moderate-Value Customers
18044.0,4,10,2088.6,2088.6,0,Regular / Moderate-Value Customers
18045.0,45,1,178.34,178.34,0,Regular / Moderate-Value Customers
18048.0,203,2,172.29000000000002,172.29000000000002,1,At-Risk / Low-Value Customers
18050.0,359,1,74.4,74.4,1,At-Risk / Low-Value Customers
18053.0,71,1,300.02,300.02,0,Regular / Moderate-Value Customers
18055.0,7,10,6761.34,6761.34,0,Regular / Moderate-Value Customers
18056.0,288,1,363.65,363.65,1,At-Risk / Low-Value Customers
18058.0,10,1,170.16,170.16,0,Regular / Moderate-Value Customers
18059.0,23,3,306.46,306.46,0,Regular / Moderate-Value Customers
18061.0,22,10,2119.41,2119.41,0,Regular / Moderate-Value Customers
18062.0,173,3,720.52,720.52,1,At-Risk / Low-Value Customers
18064.0,133,2,814.0,814.0,0,Regular / Moderate-Value Customers
18065.0,6,14,2392.83,2392.83,0,Regular / Moderate-Value Customers
18066.0,75,1,318.0,318.0,0,Regular / Moderate-Value Customers
18067.0,40,1,396.33,396.33,0,Regular / Moderate-Value Customers
18068.0,289,1,101.69999999999999,101.69999999999999,1,At-Risk / Low-Value Customers
18069.0,26,5,2009.24,2009.24,0,Regular / Moderate-Value Customers
18071.0,258,2,453.0,453.0,1,At-Risk / Low-Value Customers
18072.0,186,1,247.44,247.44,1,At-Risk / Low-Value Customers
18073.0,114,12,3859.82,3859.82,0,Regular / Moderate-Value Customers
18074.0,374,1,489.6,489.6,1,At-Risk / Low-Value Customers
18075.0,23,10,2611.75,2611.75,0,Regular / Moderate-Value Customers
18077.0,8,11,2584.41,2584.41,0,Regular / Moderate-Value Customers
18078.0,217,2,336.13,336.13,1,At-Risk / Low-Value Customers
18079.0,45,4,3613.15,3613.15,0,Regular / Moderate-Value Customers
18080.0,19,2,1231.5,1231.5,0,Regular / Moderate-Value Customers
18081.0,36,3,343.45,343.45,0,Regular / Moderate-Value Customers
18082.0,26,1,680.84,680.84,0,Regular / Moderate-Value Customers
18084.0,16,1,90.47999999999999,90.47999999999999,0,Regular / Moderate-Value Customers
18085.0,330,2,689.95,689.95,1,At-Risk / Low-Value Customers
18086.0,274,1,101.34,101.34,1,At-Risk / Low-Value Customers
18087.0,98,2,4055.7199999999993,4055.7199999999993,0,Regular / Moderate-Value Customers
18088.0,61,1,166.03,166.03,0,Regular / Moderate-Value Customers
18092.0,2,11,9068.26,9068.26,0,Regular / Moderate-Value Customers
18093.0,93,4,2106.52,2106.52,0,Regular / Moderate-Value Customers
18094.0,82,7,3017.3,3017.3,0,Regular / Moderate-Value Customers
18095.0,313,2,580.0500000000001,580.0500000000001,1,At-Risk / Low-Value Customers
18096.0,12,3,849.06,849.06,0,Regular / Moderate-Value Customers
18097.0,8,6,2662.4,2662.4,0,Regular / Moderate-Value Customers
18099.0,127,1,168.31,168.31,0,Regular / Moderate-Value Customers
18101.0,11,2,222.4,222.4,0,Regular / Moderate-Value Customers
18102.0,1,60,259657.3,259657.3,2,High-Value Customers
18104.0,37,1,754.64,754.64,0,Regular / Moderate-Value Customers
18105.0,38,1,113.48000000000002,113.48000000000002,0,Regular / Moderate-Value Customers
18106.0,330,1,421.9,421.9,1,At-Risk / Low-Value Customers
18108.0,254,1,271.0,271.0,1,At-Risk / Low-Value Customers
18109.0,2,26,8004.92,8004.92,3,Loyal / Valuable Customers
18110.0,20,1,198.8,198.8,0,Regular / Moderate-Value Customers
18112.0,12,2,352.69,352.69,0,Regular / Moderate-Value Customers
18113.0,369,1,76.32000000000001,76.32000000000001,1,At-Risk / Low-Value Customers
18114.0,290,1,220.1,220.1,1,At-Risk / Low-Value Customers
18116.0,68,8,1403.1100000000001,1403.1100000000001,0,Regular / Moderate-Value Customers
18117.0,26,1,315.65,315.65,0,Regular / Moderate-Value Customers
18118.0,11,26,5625.08,5625.08,3,Loyal / Valuable Customers
18119.0,368,1,180.7,180.7,1,At-Risk / Low-Value Customers
18120.0,214,1,111.15,111.15,1,At-Risk / Low-Value Customers
18121.0,149,2,653.3,653.3,1,At-Risk / Low-Value Customers
18122.0,8,6,1793.06,1793.06,0,Regular / Moderate-Value Customers
18123.0,24,2,574.4399999999999,574.4399999999999,0,Regular / Moderate-Value Customers
18125.0,30,4,1131.75,1131.75,0,Regular / Moderate-Value Customers
18126.0,61,1,200.92000000000002,200.92000000000002,0,Regular / Moderate-Value Customers
18127.0,19,3,347.08,347.08,0,Regular / Moderate-Value Customers
18129.0,243,1,112.55000000000001,112.55000000000001,1,At-Risk / Low-Value Customers
18130.0,15,3,1059.39,1059.39,0,Regular / Moderate-Value Customers
18133.0,212,1,931.4999999999999,931.4999999999999,1,At-Risk / Low-Value Customers
18135.0,29,5,681.9100000000001,681.9100000000001,0,Regular / Moderate-Value Customers
18136.0,63,3,784.33,784.33,0,Regular / Moderate-Value Customers
18138.0,295,1,152.65,152.65,1,At-Risk / Low-Value Customers
18139.0,18,6,8438.34,8438.34,0,Regular / Moderate-Value Customers
18142.0,157,2,1019.52,1019.52,1,At-Risk / Low-Value Customers
18143.0,117,2,1000.16,1000.16,0,Regular / Moderate-Value Customers
18144.0,8,12,2888.75,2888.75,0,Regular / Moderate-Value Customers
18145.0,13,4,2861.55,2861.55,0,Regular / Moderate-Value Customers
18146.0,141,2,160.35000000000002,160.35000000000002,0,Regular / Moderate-Value Customers
18147.0,46,2,179.33999999999997,179.33999999999997,0,Regular / Moderate-Value Customers
18149.0,51,3,612.0799999999999,612.0799999999999,0,Regular / Moderate-Value Customers
18150.0,32,3,566.58,566.58,0,Regular / Moderate-Value Customers
18151.0,135,2,653.35,653.35,0,Regular / Moderate-Value Customers
18154.0,3,2,399.19,399.19,0,Regular / Moderate-Value Customers
18155.0,75,3,371.62,371.62,0,Regular / Moderate-Value Customers
18156.0,13,2,675.64,675.64,0,Regular / Moderate-Value Customers
18158.0,9,2,453.4,453.4,0,Regular / Moderate-Value Customers
18159.0,301,1,530.15,530.15,1,At-Risk / Low-Value Customers
18160.0,57,2,638.0600000000001,638.0600000000001,0,Regular / Moderate-Value Customers
18161.0,15,5,1618.69,1618.69,0,Regular / Moderate-Value Customers
18164.0,37,1,399.65000000000003,399.65000000000003,0,Regular / Moderate-Value Customers
18165.0,177,1,302.46000000000004,302.46000000000004,1,At-Risk / Low-Value Customers
18167.0,23,3,1384.8600000000001,1384.8600000000001,0,Regular / Moderate-Value Customers
18168.0,176,6,1160.04,1160.04,1,At-Risk / Low-Value Customers
18169.0,61,1,202.65,202.65,0,Regular / Moderate-Value Customers
18170.0,33,3,980.31,980.31,0,Regular / Moderate-Value Customers
18171.0,59,5,1231.31,1231.31,0,Regular / Moderate-Value Customers
18172.0,15,20,7561.68,7561.68,3,Loyal / Valuable Customers
18173.0,87,4,2106.84,2106.84,0,Regular / Moderate-Value Customers
18174.0,7,1,104.0,104.0,0,Regular / Moderate-Value Customers
18176.0,358,1,476.35,476.35,1,At-Risk / Low-Value Customers
18177.0,31,6,1340.8700000000001,1340.8700000000001,0,Regular / Moderate-Value Customers
18178.0,129,4,1590.81,1590.81,0,Regular / Moderate-Value Customers
18179.0,9,6,1793.17,1793.17,0,Regular / Moderate-Value Customers
18180.0,5,6,1843.75,1843.75,0,Regular / Moderate-Value Customers
18181.0,24,1,366.85,366.85,0,Regular / Moderate-Value Customers
18183.0,227,2,632.07,632.07,1,At-Risk / Low-Value Customers
18184.0,15,1,49.8,49.8,0,Regular / Moderate-Value Customers
18185.0,249,1,304.25,304.25,1,At-Risk / Low-Value Customers
18188.0,15,3,2001.04,2001.04,0,Regular / Moderate-Value Customers
18189.0,78,2,1090.24,1090.24,0,Regular / Moderate-Value Customers
18190.0,192,2,284.46000000000004,284.46000000000004,1,At-Risk / Low-Value Customers
18191.0,262,1,207.79999999999998,207.79999999999998,1,At-Risk / Low-Value Customers
18192.0,72,1,957.97,957.97,0,Regular / Moderate-Value Customers
18193.0,165,1,243.76,243.76,1,At-Risk / Low-Value Customers
18194.0,82,1,973.8399999999999,973.8399999999999,0,Regular / Moderate-Value Customers
18196.0,95,2,686.63,686.63,0,Regular / Moderate-Value Customers
18198.0,4,17,5425.56,5425.56,3,Loyal / Valuable Customers
18200.0,106,1,150.35,150.35,0,Regular / Moderate-Value Customers
18202.0,200,3,1396.99,1396.99,1,At-Risk / Low-Value Customers
18203.0,157,1,160.42000000000002,160.42000000000002,1,At-Risk / Low-Value Customers
18204.0,71,3,1975.35,1975.35,0,Regular / Moderate-Value Customers
18205.0,36,2,517.36,517.36,0,Regular / Moderate-Value Customers
18209.0,29,1,139.10000000000002,139.10000000000002,0,Regular / Moderate-Value Customers
18210.0,2,6,2621.38,2621.38,0,Regular / Moderate-Value Customers
18211.0,26,5,600.07,600.07,0,Regular / Moderate-Value Customers
18212.0,326,1,216.07,216.07,1,At-Risk / Low-Value Customers
18213.0,237,1,232.48000000000002,232.48000000000002,1,At-Risk / Low-Value Customers
18215.0,89,1,299.34000000000003,299.34000000000003,0,Regular / Moderate-Value Customers
18216.0,31,1,481.75,481.75,0,Regular / Moderate-Value Customers
18217.0,29,2,621.75,621.75,0,Regular / Moderate-Value Customers
18218.0,211,2,641.92,641.92,1,At-Risk / Low-Value Customers
18219.0,3,10,2069.77,2069.77,0,Regular / Moderate-Value Customers
18220.0,227,1,305.28000000000003,305.28000000000003,1,At-Risk / Low-Value Customers
18221.0,22,5,1041.61,1041.61,0,Regular / Moderate-Value Customers
18222.0,93,1,443.0,443.0,0,Regular / Moderate-Value Customers
18223.0,5,14,6484.54,6484.54,3,Loyal / Valuable Customers
18224.0,264,1,158.95000000000002,158.95000000000002,1,At-Risk / Low-Value Customers
18225.0,3,12,5504.96,5504.96,0,Regular / Moderate-Value Customers
18226.0,44,11,5228.05,5228.05,0,Regular / Moderate-Value Customers
18227.0,218,1,93.75,93.75,1,At-Risk / Low-Value Customers
18228.0,57,2,779.9,779.9,0,Regular / Moderate-Value Customers
18229.0,12,20,7276.900000000001,7276.900000000001,3,Loyal / Valuable Customers
18230.0,9,7,2810.2000000000003,2810.2000000000003,0,Regular / Moderate-Value Customers
18231.0,192,5,2071.77,2071.77,1,At-Risk / Low-Value Customers
18232.0,82,4,592.97,592.97,0,Regular / Moderate-Value Customers
18233.0,326,1,440.0,440.0,1,At-Risk / Low-Value Customers
18235.0,72,3,1796.48,1796.48,0,Regular / Moderate-Value Customers
18236.0,30,6,882.24,882.24,0,Regular / Moderate-Value Customers
18237.0,3,5,987.1,987.1,0,Regular / Moderate-Value Customers
18239.0,219,5,1561.6100000000001,1561.6100000000001,1,At-Risk / Low-Value Customers
18240.0,46,1,422.58,422.58,0,Regular / Moderate-Value Customers
18241.0,10,17,2073.09,2073.09,3,Loyal / Valuable Customers
18242.0,72,4,2232.4900000000002,2232.4900000000002,0,Regular / Moderate-Value Customers
18245.0,7,7,2567.06,2567.06,0,Regular / Moderate-Value Customers
18246.0,24,2,596.1,596.1,0,Regular / Moderate-Value Customers
18248.0,123,2,804.02,804.02,0,Regular / Moderate-Value Customers
18249.0,17,1,95.34,95.34,0,Regular / Moderate-Value Customers
18250.0,310,1,349.27,349.27,1,At-Risk / Low-Value Customers
18251.0,87,1,4314.72,4314.72,0,Regular / Moderate-Value Customers
18252.0,51,2,518.27,518.27,0,Regular / Moderate-Value Customers
18255.0,89,1,103.3,103.3,0,Regular / Moderate-Value Customers
18257.0,39,8,2337.63,2337.63,0,Regular / Moderate-Value Customers
18259.0,25,3,2338.6000000000004,2338.6000000000004,0,Regular / Moderate-Value Customers
18260.0,173,6,2628.35,2628.35,1,At-Risk / Low-Value Customers
18261.0,43,2,324.24,324.24,0,Regular / Moderate-Value Customers
18262.0,140,1,149.48,149.48,0,Regular / Moderate-Value Customers
18263.0,26,3,1213.1599999999999,1213.1599999999999,0,Regular / Moderate-Value Customers
18265.0,72,2,801.51,801.51,0,Regular / Moderate-Value Customers
18268.0,134,1,25.5,25.5,0,Regular / Moderate-Value Customers
18269.0,366,1,168.6,168.6,1,At-Risk / Low-Value Customers
18270.0,38,2,283.15,283.15,0,Regular / Moderate-Value Customers
18272.0,3,6,3078.58,3078.58,0,Regular / Moderate-Value Customers
18273.0,2,3,204.0,204.0,0,Regular / Moderate-Value Customers
18274.0,30,1,175.92,175.92,0,Regular / Moderate-Value Customers
18276.0,44,1,335.86,335.86,0,Regular / Moderate-Value Customers
18277.0,58,1,110.38,110.38,0,Regular / Moderate-Value Customers
18278.0,74,1,173.9,173.9,0,Regular / Moderate-Value Customers
18280.0,278,1,180.60000000000002,180.60000000000002,1,At-Risk / Low-Value Customers
18281.0,181,1,80.82,80.82,1,At-Risk / Low-Value Customers
18282.0,8,2,178.05,178.05,0,Regular / Moderate-Value Customers
18283.0,4,16,2045.53,2045.53,3,Loyal / Valuable Customers
18287.0,43,3,1837.28,1837.28,0,Regular / Moderate-Value Customers
